reg_no,name,kana,pref,term,grade,next_grade
010900,三浦 靖,ミウラ ヤスシ,岐阜,53,A2,
011142,小林 宏年,コバヤシ ヒロトシ,静岡,55,A3,
011198,大竹 慎吾,オオタケ シンゴ,大分,55,A3,
011288,中澤 孝之,ナカザワ タカユキ,大阪,56,A3,
011328,川添 輝彦,カワゾエ テルヒコ,沖縄,56,A3,
011341,黒崎 直行,クロサキ ナオユキ,栃木,57,A3,
011346,野崎 修一,ノザキ シユウイチ,栃木,57,A3,
011364,遠澤 健二,トオサワ ケンジ,神奈川,57,A3,
011367,石川 一浩,イシカワ カズヒロ,静岡,57,A3,
011372,黒瀬 浩一,クロセ コウイチ,静岡,57,A2,
011382,清水 広幸,シミズ ヒロユキ,愛知,57,A3,
011417,小川 巧,オガワ タクミ,岡山,57,A3,
011427,川口 秀人,カワグチ ヒデト,徳島,57,A3,
011431,梶應 弘樹,カジオ コウキ,愛媛,57,A3,
011451,重 一徳,シゲ カズノリ,鹿児島,57,A3,
011454,杉浦 康一,スギウラ コウイチ,北海道,58,A2,
011477,川口 満宏,カワグチ ミツヒロ,東京,58,A1,
011487,宮倉 勇,ミヤクラ イサム,千葉,58,A2,
011574,坂本 英一,サカモト エイイチ,栃木,59,A3,
011599,和泉田 喜一,イズミタ キイチ,千葉,59,A3,
011619,疋田 敏,ヒキタ サトシ,愛知,59,A2,
011622,杉山 正和,スギヤマ マサカズ,三重,59,A3,
011634,中澤 央治,ナカザワ エイジ,大阪,59,A2,
011665,倉岡 慎太郎,クラオカ シンタロウ,熊本,59,A3,
011712,金田 健一郎,カネダ ケンイチロウ,大阪,60,A3,
011713,古原 勝己,コハラ カツミ,大阪,60,A2,
011715,黒木 誠一,クロキ セイイチ,兵庫,60,A3,
011734,濱口 健二,ハマグチ ケンジ,高知,60,A2,
011790,廣川 貞治,ヒロカワ サダハル,東京,61,A3,
011792,木下 章,キノシタ アキラ,長野,61,A3,
011800,三住 博昭,ミスミ ヒロアキ,神奈川,61,A2,
011803,植田 誠,ウエダ マコト,静岡,61,A3,
011817,有賀 高士,アリガ タカシ,石川,61,A2,
011821,中川 博文,ナカガワ ヒロフミ,福井,61,A3,
011840,安田 光義,ヤスダ ミツヨシ,広島,61,A2,
011854,紫原 政文,シハラ マサフミ,福岡,61,A1,
011907,島野 浩司,シマノ コウジ,愛知,62,A1,
011935,高嶋 一朗,タカシマ イチロウ,岡山,62,A3,
011990,茂木 和臣,モテギ カズオミ,埼玉,63,A3,
011993,深井 高志,フカイ タカシ,東京,63,A3,
011994,藤光 健一,フジミツ ケンイチ,東京,63,A3,
012005,藤田 和彦,フジタ カズヒコ,神奈川,63,A3,
012042,山原 利秀,ヤマハラ トシヒデ,高知,63,A2,
012092,高木 隆弘,タカギ タカヒロ,神奈川,64,A3,
012097,斯波 雅貴,シバ マサキ,静岡,64,A2,
012112,冨岡 健一,トミオカ ケンイチ,岐阜,64,A2,
012128,山根 泰道,ヤマネ ヤスミチ,岡山,64,A2,
012130,石田 洋秀,イシダ ヒロヒデ,広島,64,A1,
012132,甲斐下 智,カイシタ サトシ,広島,64,A2,
012157,竹野 行登,タケノ ユキノブ,鹿児島,64,A3,
012164,堀 政美,ホリ マサミ,茨城,65,A2,
012193,井手 尚治,イデ シヨウジ,神奈川,65,A2,
012197,奥山 雅士,オクヤマ マサシ,静岡,65,A3,
012202,望月 裕一郎,モチヅキ ユウイチロウ,静岡,65,A2,
012206,白井 一機,シライ カズキ,愛知,65,A3,
012208,鰐渕 正利,ワニブチ マサトシ,愛知,65,A3,
012216,武田 哲二,タケダ テツジ,京都,65,A2,
012234,室井 竜二,ムロイ リユウジ,徳島,65,A1,
012242,穴井 利久,アナイ トシヒサ,福岡,65,A2,
012248,中井 大介,ナカイ ダイスケ,福岡,65,A3,
012261,岡部 芳幸,オカベ ヨシユキ,福島,66,A1,
012277,井上 典善,イノウエ テンゼン,千葉,66,A3,
012283,富永 益生,トミナガ マスオ,愛知,66,A1,
012287,西川 弘資,ニシカワ コウジ,三重,66,A3,
012290,小西 芳樹,コニシ ヨシキ,大阪,66,A3,
012298,星島 太,ホシジマ フトシ,岡山,66,A2,
012299,増成 富夫,マスナリ トミオ,岡山,66,A3,
012307,尾崎 勝弘,オザキ カツヒロ,徳島,66,A3,
012319,高尾 剛文,タカオ タケフミ,福岡,66,A3,
012321,檀 雄二,ダン ユウジ,福岡,66,A3,
012326,國武 耕二,クニタケ コウジ,佐賀,66,A2,
012329,松尾 正人,マツオ マサト,熊本,66,A3,
012336,高谷 雅彦,タカヤ マサヒコ,青森,67,A2,
012340,金古 将人,カネコ マサト,福島,67,A2,
012348,飯田 威文,イイダ タケフミ,埼玉,67,A3,
012379,小林 健,コバヤシ ケン,岡山,67,A2,
012380,近藤 修康,コンドウ ノブヤス,岡山,67,A1,
012383,田村 光昭,タムラ ミツアキ,広島,67,A3,
012389,岡崎 昭次,オカザキ シヨウジ,愛媛,67,A3,
012402,時松 正,トキマツ タダシ,熊本,67,A3,
012406,濱田 昭一郎,ハマダ シヨウイチロウ,鹿児島,67,A3,
012416,櫻井 紀幸,サクライ ノリユキ,群馬,68,A3,
012417,須藤 直道,ストウ ナオミチ,群馬,68,A1,
012421,小沼 良,オヌマ リヨウ,埼玉,68,A1,
012431,會田 正一,アイダ シヨウイチ,千葉,68,A3,
012432,石井 孝,イシイ タカシ,千葉,68,A3,
012439,河合 康晴,カワイ ヤスハル,静岡,68,A3,
012452,伊藤 健詞,イトウ ケンジ,石川,68,A2,
012466,郡 英治,コオリ エイジ,広島,68,A2,
012473,清水 邦章,シミズ クニアキ,香川,68,A2,
012474,小川 圭二,オガワ ケイジ,徳島,68,A1,
012479,田中 弘章,タナカ ヒロアキ,福岡,68,A3,
012496,中村 淳,ナカムラ ジユン,栃木,69,A3,
012501,金子 真也,カネコ シンヤ,群馬,69,A1,
012507,爲田 学,タメダ マナブ,沖縄,69,A3,
012509,岡嵜 浩一,オカザキ コウイチ,神奈川,69,A3,
012512,眞原 健一,マハラ ケンイチ,神奈川,69,A3,
012519,藤原 誠,フジワラ マコト,岐阜,69,A1,
012529,木本 賢二,キモト ケンジ,大阪,69,A3,
012530,池上 孝之,イケガミ タカユキ,兵庫,69,A3,
012532,西郷 剛,サイゴウ ツヨシ,兵庫,69,A2,
012537,取鳥 敬一,トツトリ ケイイチ,岡山,69,A3,
012544,上田 学,ウエダ マナブ,愛媛,69,A1,
012546,神開 将暢,シンカイ マサノブ,福岡,69,A2,
012547,横瀬 聡,ヨコセ サトシ,福岡,69,A3,
012550,荒木 真慈,アラキ シンジ,熊本,69,A3,
012556,落合 豊,オチアイ ユタカ,茨城,69,A3,
012559,相良 勝美,サガラ カツミ,福島,70,A3,
012586,佐藤 和典,サトウ カズノリ,神奈川,70,A3,
012590,山崎 敦雄,ヤマザキ アツオ,静岡,70,A1,
012593,山田 圭二,ヤマダ ケイジ,愛知,70,A3,
012597,塚本 貴雄,ツカモト タカオ,岐阜,70,A3,
012598,大庭 正紀,オオニワ マサノリ,富山,70,A1,
012602,吉村 文隆,ヨシムラ フミタカ,京都,70,A2,
012603,大川 栄二,オオカワ エイジ,和歌山,70,A2,
012618,武智 尚之,タケチ ナオユキ,愛媛,70,A3,
012626,原 司,ハラ ツカサ,佐賀,70,A3,
012628,阪本 正和,サカモト マサカズ,長崎,70,A2,
012634,大薗 宏,オオゾノ ヒロシ,茨城,71,A3,
012640,北村 貴幸,キタムラ タカユキ,群馬,71,A2,
012646,大澤 裕之,オオサワ ヒロユキ,埼玉,71,A2,
012649,山本 恵太郎,ヤマモト ケイタロウ,東京,71,A3,
012656,柴田 健,シバタ ケン,神奈川,71,A3,
012671,滝川 秀嗣,タキカワ ヒデツグ,愛知,71,A3,
012677,花村 直人,ハナムラ ナオト,三重,71,A3,
012678,舛井 幹雄,マスイ モトオ,三重,71,A1,
012679,坂上 忠克,サカガミ タダカツ,石川,71,A1,
012681,辻 力,ツジ マサル,石川,71,A2,
012684,四宮 哲郎,シノミヤ テツロウ,京都,71,A1,
012689,前田 拓也,マエダ タクヤ,大阪,71,A2,
012694,志村 達也,シムラ タツヤ,広島,71,A3,
012705,那須 久幸,ナス ヒサユキ,福岡,71,A1,
012708,野木 義規,ノギ ヨシノリ,北海道,72,A2,
012710,大内 達也,オオウチ タツヤ,宮城,72,A3,
012717,伊藤 一貴,イトウ カズタカ,栃木,72,A2,
012718,大橋 徹,オオハシ トオル,栃木,72,A1,
012719,篠崎 高志,シノザキ タカシ,栃木,72,A2,
012721,梅山 英樹,ウメヤマ ヒデキ,群馬,72,A1,
012725,浦山 一栄,ウラヤマ カズエイ,東京,72,A3,
012728,飯田 辰哉,イイダ タツヤ,千葉,72,A1,
012738,渡邊 一洋,ワタナベ カズヒロ,静岡,72,A2,
012742,山田 雅之,ヤマダ マサユキ,岐阜,72,A2,
012747,布居 寛幸,ヌノイ ヒロユキ,和歌山,72,A1,
012753,柳澤 達也,ヤナギサワ タツヤ,兵庫,72,A3,
012754,小野 祐作,オノ ユウサク,岡山,72,A3,
012757,市本 隆司,イチモト リユウジ,広島,72,A2,
012759,金山 栄治,カナヤマ エイジ,滋賀,72,A1,
012760,櫻井 宏智,サクライ ヒロトモ,広島,72,A2,
012763,内村 泰三,ウチムラ タイゾウ,山口,72,A2,
012766,立石 拓也,タテイシ タクヤ,福岡,72,A1,
012779,田川 辰二,タガワ タツジ,熊本,72,A2,
012783,平澤 秀信,ヒラサワ ヒデノブ,北海道,73,A3,
012785,小橋 明紀,コバシ アキノリ,青森,73,A1,
012794,宇賀神 浩幸,ウガジン ヒロユキ,栃木,73,A2,
012795,黒田 充,クロダ ミツル,栃木,73,A3,
012800,豊田 一馬,トヨダ カズマ,群馬,73,A2,
012809,高峰 賢治,タカミネ ケンジ,山梨,73,A2,
012811,江守 昇,エモリ ノボル,千葉,73,A1,
012819,齊藤 竜也,サイトウ タツヤ,神奈川,73,A1,
012823,遠藤 勝行,エンドウ カツユキ,静岡,73,A2,
012826,渡邉 晴智,ワタナベ ハルトモ,静岡,73,A1,
012827,光岡 義洋,ミツオカ ヨシヒロ,愛知,73,A3,
012829,西浦 仙哉,ニシウラ ヒサヤ,三重,73,A1,
012832,仙石 淳,センゴク アツシ,沖縄,73,A3,
012838,三木 健治,ミキ ケンジ,沖縄,73,A2,
012844,米澤 大輔,ヨネザワ ダイスケ,徳島,73,A2,
012845,林 成人,ハヤシ ナルヒト,愛媛,73,A2,
012847,古閑 良介,コガ リヨウスケ,福岡,73,A3,
012850,渡邉 満,ワタナベ ミツル,福岡,73,A2,
012858,亀井 宏佳,カメイ ヒロヨシ,宮城,74,A3,
012861,小坂 敏之,コサカ トシユキ,栃木,74,A2,
012875,中曽 直彦,ナカソ ナオヒコ,千葉,74,A2,
012876,湯浅 弘光,ユアサ ヒロミツ,千葉,74,A3,
012878,安藤 宜明,アンドウ ヨシアキ,神奈川,74,A3,
012879,石井 毅,イシイ タケシ,神奈川,74,A2,
012882,鈴木 愼二,スズキ シンジ,神奈川,74,A2,
012883,大沼 孝行,オオヌマ タカユキ,静岡,74,A3,
012885,田中 智也,タナカ トモヤ,静岡,74,A3,
012886,中井 達郎,ナカイ タツオ,静岡,74,A1,
012891,朝日 勇,アサヒ イサム,愛知,74,A2,
012893,吉野 猛,ヨシノ タケシ,愛知,74,A3,
012895,小嶋 敬二,コジマ ケイジ,石川,74,A1,
012899,中井 護,ナカイ マモル,滋賀,74,A2,
012906,太田 良政,オオタ ヨシマサ,岡山,74,A3,
012910,塩川 真一郎,シオカワ シンイチロウ,広島,74,A3,
012913,増田 鉄男,マスダ テツオ,徳島,74,A3,
012914,武市 和人,タケチ カズヒト,高知,74,A2,
012920,山崎 岳志,ヤマサキ タケシ,佐賀,74,A2,
012924,太田黒 大心,オオタグロ ダイシン,熊本,74,A2,
012930,浦崎 貴史,ウラサキ タカシ,北海道,75,A3,
012934,煤賀 隆幸,ススガ タカユキ,秋田,75,A3,
012937,十文字 菊雄,ジユウモンジ キクオ,福島,75,A1,
012938,鈴木 規純,スズキ ノリヨシ,福島,75,A3,
012940,小室 貴広,コムロ タカヒロ,茨城,75,A2,
012944,渡邊 恭典,ワタナベ ヤスノリ,栃木,75,A2,
012946,亀井 雅斗,カメイ マサト,群馬,75,A3,
012953,矢内 良和,ヤナイ ヨシカズ,群馬,75,A2,
012955,太田 真一,オオタ シンイチ,埼玉,75,A2,
012956,鈴木 孝征,スズキ タカユキ,埼玉,75,A2,
012957,宮澤 晃,ミヤザワ アキラ,山梨,75,A2,
012960,水書 義弘,ミズガキ ヨシヒロ,千葉,75,A2,
012963,荻野 哲,オギノ サトル,神奈川,75,A2,
012965,成田 健児,ナリタ ケンジ,神奈川,75,A1,
012966,石川 英昭,イシカワ ヒデアキ,静岡,75,A3,
012970,山内 大作,ヤマウチ ダイサク,静岡,75,A3,
012971,小川 将人,オガワ マサト,愛知,75,A2,
012972,金子 貴志,カネコ タカシ,愛知,75,A1,
012976,中井 修,ナカイ オサム,滋賀,75,A3,
012981,片山 弘城,カタヤマ ヒロキ,大阪,75,A1,
012982,上原 直樹,ウエハラ ナオキ,岡山,75,A3,
012986,近藤 直幹,コンドウ ナオモト,徳島,75,A3,
012989,森岡 正臣,モリオカ マサオミ,高知,75,A1,
012992,吉良 勝信,キラ カツノブ,福岡,75,A2,
012997,後田 康成,ウシロダ ヤスナリ,長崎,75,A3,
013005,小笠原 昭太,オガサワラ シヨウタ,青森,76,A1,
013006,佐々木 健司,ササキ ケンジ,青森,76,A2,
013013,武田 靖夫,タケダ ヤスオ,茨城,76,A3,
013014,江連 和洋,エヅレ カズヒロ,栃木,76,A1,
013023,吉田 英二,ヨシダ エイジ,東京,76,A3,
013027,戸ノ下 太郎,トノシタ タロウ,千葉,76,A3,
013029,藤田 晃英,フジタ アキヒデ,千葉,76,A3,
013030,梶山 大輔,カジヤマ ダイスケ,神奈川,76,A3,
013036,深澤 伸介,フカサワ シンスケ,静岡,76,A2,
013037,町田 勝志,マチダ カツシ,静岡,76,A3,
013039,松山 正和,マツヤマ マサカズ,静岡,76,A2,
013040,服部 竜二,ハツトリ リユウジ,愛知,76,A3,
013041,三浦 稔希,ミウラ トシキ,愛知,76,A1,
013042,渡邊 健,ワタナベ ケン,愛知,76,A1,
013047,田中 俊充,タナカ トシミツ,福井,76,A1,
013049,南 大輔,ミナミ ダイスケ,京都,76,A3,
013054,石丸 寛之,イシマル ヒロユキ,岡山,76,A1,
013056,山本 貴章,ヤマモト タカアキ,岡山,76,A2,
013058,富 弥昭,トミ ヒロアキ,山口,76,A1,
013061,小磯 知也,コイソ トモヤ,徳島,76,A3,
013062,藤原 義浩,フジワラ ヨシヒロ,徳島,76,A3,
013063,赤松 秀展,アカマツ ヒデノブ,高知,76,A3,
013068,城戸崎 隆史,キドサキ タカシ,福岡,76,A2,
013069,白川 有司,シラカワ ユウシ,福岡,76,A2,
013075,平 総一,ヒラ ソウイチ,熊本,76,A2,
013080,阿部 利光,アベ トシミツ,宮城,77,A3,
013082,小泉 俊也,コイズミ トシヤ,静岡,77,A3,
013086,坂本 毅,サカモト タカシ,岩手,77,A2,
013099,大橋 直人,オオハシ ナオト,埼玉,77,A2,
013105,松本 一成,マツモト カズナリ,新潟,77,A3,
013106,赤井 学,アカイ ガク,千葉,77,A2,
013109,志村 正洋,シムラ マサヒロ,神奈川,77,A3,
013110,法月 成祐,ノリヅキ セイスケ,神奈川,77,A1,
013112,佐藤 明,サトウ アキラ,静岡,77,A2,
013117,鳥越 靖弘,トリゴエ ヤスヒロ,愛知,77,A1,
013119,松尾 淳,マツオ ジユン,岐阜,77,A2,
013120,宮越 大,ミヤコシ ダイ,富山,77,A1,
013121,山田 晃久,ヤマダ アキヒサ,石川,77,A1,
013127,北浦 弘幹,キタウラ ヒロキ,和歌山,77,A2,
013128,梶原 秀庸,カジハラ ヒデノブ,大阪,77,A3,
013129,原田 隆,ハラダ タカシ,大阪,77,A2,
013131,藤野 一良,フジノ カズヨシ,大阪,77,A3,
013142,黒田 大介,クロダ ダイスケ,愛媛,77,A2,
013143,鳥生 知八,トリウ トモヤ,愛媛,77,A2,
013145,瓦田 勝也,カワラダ カツヤ,福岡,77,A3,
013146,八谷 誠賢,ハチヤ マサトシ,福岡,77,A1,
013147,米嶋 賢二,ヨネシマ ケンジ,長崎,77,A2,
013155,四元 慎也,ヨツモト シンヤ,宮崎,77,A2,
013161,齋藤 和也,サイトウ カズヤ,福島,78,A3,
013171,岩橋 則明,イワハシ ノリアキ,埼玉,78,A2,
013172,金子 周一郎,カネコ シユウイチロウ,埼玉,78,A2,
013175,峠 祐介,トウゲ ユウスケ,埼玉,78,A2,
013176,早川 成矢,ハヤカワ セイヤ,埼玉,78,A3,
013179,飯島 淳,イイジマ ジユン,東京,78,A2,
013183,坂木田 雄介,サカキダ ユウスケ,千葉,78,A2,
013184,相樂 修,サガラ オサム,千葉,78,A3,
013186,永山 英司,ナガヤマ エイジ,神奈川,78,A3,
013188,山田 幸司,ヤマダ コウジ,神奈川,78,A1,
013192,平田 徹,ヒラタ トオル,静岡,78,A2,
013196,竹田 和幸,タケダ カズユキ,岐阜,78,A1,
013197,鈴木 幸紀,スズキ コウキ,三重,78,A1,
013199,北野 武史,キタノ タケシ,石川,78,A1,
013201,北川 紋部,キタガワ モンブ,福井,78,A2,
013206,岡崎 和久,オカザキ カズヒサ,奈良,78,A3,
013207,葉狩 伸泰,ハガリ ノブヤス,大阪,78,A2,
013209,奥谷 広巳,オクタニ ヒロミ,兵庫,78,A2,
013210,川本 恵二,カワモト ケイジ,兵庫,78,A3,
013212,岡田 浩太,オカダ コウタ,岡山,78,A3,
013214,水本 博行,ミズモト ヒロユキ,岡山,78,A3,
013216,古城 英之,コジヨウ ヒデユキ,広島,78,A3,
013217,佐々木 英之,ササキ ヒデユキ,香川,78,A3,
013219,宮本 佳樹,ミヤモト ヨシキ,香川,78,A2,
013232,柳 充,ヤナギ ミツル,青森,79,A3,
013233,小松 剛之,コマツ タカユキ,宮城,79,A2,
013235,榊枝 輝文,サカキエダ テルフミ,福島,79,A3,
013242,尾崎 剛,オザキ タカシ,埼玉,79,A1,
013244,小林 高志,コバヤシ タカシ,東京,79,A3,
013246,山崎 充央,ヤマザキ ミチテル,東京,79,A2,
013253,柴田 功一郎,シバタ コウイチロウ,神奈川,79,A2,
013255,安坂 洋一,ヤスサカ ヨウイチ,神奈川,79,A3,
013259,望月 紀男,モチヅキ ノリオ,静岡,79,A2,
013261,柴田 昌樹,シバタ マサキ,愛知,79,A3,
013263,田中 雅史,タナカ マサシ,愛知,79,A2,
013264,山中 貴雄,ヤマナカ タカオ,愛知,79,A3,
013266,伊藤 嘉浩,イトウ ヨシヒロ,岐阜,79,A3,
013267,鷲見 逸喜,スミ イツキ,岐阜,79,A1,
013270,中川 貴史,ナカガワ タカシ,三重,79,A1,
013271,鮒田 博文,フナダ ヒロフミ,三重,79,A2,
013272,古田 義明,フルタ ヨシアキ,三重,79,A3,
013273,西 徹,ニシ トオル,石川,79,A2,
013275,渡辺 航平,ワタナベ コウヘイ,東京,79,A1,
013283,小林 卓人,コバヤシ タクヒト,大阪,79,A1,
013285,吉川 悟,ヨシカワ サトル,大阪,79,A2,
013294,木村 勉,キムラ ツトム,徳島,79,A2,
013296,林 明宏,ハヤシ アキヒロ,高知,79,A1,
013298,井手 健,イデ タケシ,長崎,79,A2,
013303,須々田 大昇,ススタ ダイコウ,青森,80,A3,
013307,浦川 尊明,ウラカワ タカアキ,茨城,80,A1,
013308,木村 貴宏,キムラ タカヒロ,茨城,80,A1,
013311,根本 雄紀,ネモト ユウキ,茨城,80,A1,
013314,鈴木 宏章,スズキ ヒロアキ,栃木,80,A3,
013320,村上 順規,ムラカミ ジユンキ,新潟,80,A3,
013324,市川 博章,イチカワ ヒロアキ,静岡,80,A3,
013327,高橋 健太,タカハシ ケンタ,静岡,80,A3,
013330,舘 泰守,タチ ヤスモリ,愛知,80,A1,
013331,橋本 大祐,ハシモト ダイスケ,岐阜,80,A3,
013332,吉村 和之,ヨシムラ カズユキ,岐阜,80,A1,
013333,小西 誠也,コニシ セイヤ,三重,80,A2,
013345,中村 美千隆,ナカムラ ミチタカ,兵庫,80,A2,
013348,内藤 敦,ナイトウ アツシ,岡山,80,A2,
013349,三宅 旬,ミヤケ ジユン,岡山,80,A2,
013352,吉永 和生,ヨシナガ カズオ,広島,80,A1,
013353,吉永 好宏,ヨシナガ ヨシヒロ,広島,80,A1,
013354,國村 洋,クニムラ ヒロシ,山口,80,A1,
013358,行成 大祐,ユキナリ ダイスケ,香川,80,A2,
013359,吉田 彰久,ヨシダ アキヒサ,香川,80,A3,
013363,宇根 秀俊,ウネ ヒデトシ,愛媛,80,A2,
013366,加藤 昌平,カトウ シヨウヘイ,福岡,80,A3,
013370,三槻 智清,ミツキ トモキヨ,佐賀,80,A2,
013371,足達 重満,アダチ シゲミツ,長崎,80,A2,
013374,川野 正芳,カワノ マサヨシ,大分,80,A2,
013375,五反田 豊和,ゴタンダ トヨカズ,宮崎,80,A3,
013378,小田桐 義継,オダギリ ヨシツグ,北海道,81,A3,
013382,成田 直喜,ナリタ ナオキ,青森,81,A1,
013384,金子 兼久,カネコ カネヒサ,宮城,81,A2,
013385,鎌田 聡,カマタ サトシ,宮城,81,A2,
013398,関 敬,セキ ケイ,栃木,81,A3,
013399,塚本 勝士,ツカモト カツシ,栃木,81,A2,
013400,稲村 好将,イナムラ ヨシノブ,群馬,81,A1,
013402,沼川 夢久,ヌマカワ ユメヒサ,群馬,81,A3,
013405,宮下 貴之,ミヤシタ タカユキ,埼玉,81,A1,
013408,川村 昭弘,カワムラ アキヒロ,新潟,81,A3,
013413,鶴岡 與之,ツルオカ ヨシユキ,千葉,81,A3,
013415,山崎 明寛,ヤマザキ アキヒロ,千葉,81,A3,
013416,飯尾 主税,イイオ チカラ,静岡,81,A1,
013417,梅原 大治,ウメバラ タイジ,静岡,81,A2,
013421,富澤 洋祐,トミサワ ヨウスケ,静岡,81,A3,
013423,増田 利明,マスダ トシアキ,静岡,81,A1,
013426,本村 隆文,モトムラ タカフミ,岐阜,81,A2,
013434,石黒 健,イシグロ ケン,広島,81,A2,
013435,中石 昌芳,ナカイシ マサヨシ,広島,81,A1,
013439,青井 賢治,アオイ ケンジ,徳島,81,A1,
013445,中村 良二,ナカムラ リヨウジ,福岡,81,A1,
013446,丸林 一孝,マルバヤシ カズタカ,福岡,81,A3,
013447,坂本 晃輝,サカモト アキテル,佐賀,81,A1,
013451,松本 大地,マツモト ダイチ,熊本,81,A3,
013452,齊藤 紳一朗,サイトウ シンイチロウ,青森,82,A3,
013453,阿部 宏之,アベ ヒロユキ,宮城,82,A2,
013454,関戸 努,セキド ツトム,宮城,82,A3,
013456,小林 和彦,コバヤシ カズヒコ,群馬,82,A3,
013461,市川 健太,イチカワ ケンタ,東京,82,A2,
013465,春日 勇人,カスガ ハヤト,千葉,82,A1,
013468,勝俣 亮,カツマタ リヨウ,神奈川,82,A2,
013469,野村 純宏,ノムラ スミヒロ,神奈川,82,A2,
013470,畠山 裕行,ハタケヤマ ヒロユキ,神奈川,82,A3,
013471,松坂 英司,マツザカ エイジ,神奈川,82,A1,
013473,大塚 英伸,オオツカ ヒデノブ,静岡,82,A1,
013477,宮司 周郎,ミヤジ ノリオ,愛知,82,A1,
013479,田中 秀治,タナカ シユウジ,岐阜,82,A2,
013480,林 洋二,ハヤシ ヨウジ,岐阜,82,A3,
013482,松崎 貴久,マツザキ タカヒサ,富山,82,A2,
013483,宮越 孝治,ミヤコシ コウジ,富山,82,A1,
013484,表 大暁,オモテ ヒロアキ,富山,82,A2,
013485,善利 裕生,セリ ヒロキ,滋賀,82,A2,
013489,藤井 孝則,フジイ タカノリ,兵庫,82,A3,
013491,近藤 範昌,コンドウ ノリマサ,岡山,82,A1,
013492,坂本 智哉,サカモト トモヤ,岡山,82,A3,
013493,立花 成泰,タチバナ ナルヤス,岡山,82,A1,
013494,土井 勲,ドイ イサオ,岡山,82,A2,
013505,住村 実,スミムラ ミノル,徳島,82,A3,
013506,田村 浩章,タムラ ヒロアキ,徳島,82,A2,
013507,吉岡 篤志,ヨシオカ アツシ,徳島,82,A1,
013508,曽我部 匡史,ソガベ マサヒト,愛媛,82,A3,
013512,長野 和弘,ナガノ カズヒロ,福岡,82,A2,
013513,南 和夫,ミナミ カズオ,福岡,82,A3,
013521,中野 良,ナカノ リヨウ,北海道,83,A3,
013525,亀井 道佳,カメイ ミチヨシ,宮城,83,A3,
013526,三澤 勝成,ミサワ カツナリ,宮城,83,A3,
013531,伊藤 司,イトウ ツカサ,福島,83,A3,
013535,平沼 由充,ヒラヌマ ヨシミツ,福島,83,A1,
013538,小林 圭介,コバヤシ ケイスケ,茨城,83,A1,
013541,高森 圭介,タカモリ ケイスケ,栃木,83,A3,
013543,内海 雅夫,ウチウミ マサオ,群馬,83,A3,
013546,田村 真広,タムラ マサヒロ,群馬,83,A1,
013547,土屋 宏,ツチヤ ヒロシ,群馬,83,A2,
013548,手島 志誠,テジマ ユキノリ,群馬,83,A2,
013549,堀 勝政,ホリ カツマサ,群馬,83,A3,
013550,安部 達也,アベ タツヤ,埼玉,83,A1,
013551,女屋 文伸,オナヤ フミノブ,埼玉,83,A3,
013553,小島 雅章,コジマ マサアキ,埼玉,83,A2,
013555,台 和紀,ダイ カズノリ,埼玉,83,A1,
013556,山信田 学,ヤマシダ マナブ,埼玉,83,A2,
013560,小佐野 文秀,オサノ フミヒデ,山梨,83,A2,
013567,吉原 友彦,ヨシハラ トモヒコ,神奈川,83,A3,
013568,大木 雅也,オオキ マサヤ,静岡,83,A1,
013570,加藤 寛治,カトウ カンジ,愛知,83,A1,
013571,小林 信晴,コバヤシ ノブハル,愛知,83,A1,
013575,渡会 啓介,ワタライ ケイスケ,愛知,83,A2,
013576,土岐 幹多,トキ カンタ,岐阜,83,A2,
013580,河村 章憲,カワムラ アキノリ,京都,83,A2,
013581,薮 謙治,ヤブ ケンジ,京都,83,A2,
013582,肥後 尚己,ヒゴ ナオキ,大阪,83,A1,
013584,坂田 学,サカタ マナブ,兵庫,83,A2,
013587,船曳 義之,フナビキ ヨシユキ,香川,83,A2,
013588,齋藤 仁,サイトウ ジン,徳島,83,A3,
013589,佐竹 和也,サタケ カズヤ,徳島,83,A1,
013591,山本 宏明,ヤマモト ヒロアキ,徳島,83,A3,
013594,高田 真幸,タカダ マサユキ,福岡,83,A1,
013595,別所 英幸,ベツシヨ ヒデユキ,福岡,83,A2,
013601,工藤 政志,クドウ マサシ,青森,84,A2,
013608,鈴木 誠,スズキ マコト,福島,84,A1,
013610,土屋 仁,ツチヤ ヒトシ,茨城,84,A1,
013613,宗景 祐樹,ムネカゲ ユウキ,栃木,84,A2,
013615,山口 貴弘,ヤマグチ タカヒロ,栃木,84,A2,
013616,渡邉 高志,ワタナベ タカシ,栃木,84,A1,
013621,國廣 哲治,クニヒロ テツジ,埼玉,84,A2,
013629,福森 慎太郎,フクモリ シンタロウ,千葉,84,A2,
013632,川口 直人,カワグチ ナオト,神奈川,84,A1,
013635,柏木 伸介,カシワギ シンスケ,静岡,84,A2,
013638,村上 卓茂,ムラカミ タクモ,愛知,84,A2,
013640,西村 豊,ニシムラ ユタカ,三重,84,A1,
013641,竹内 一暢,タケウチ カズノブ,滋賀,84,A1,
013645,川木 敬大,カワキ ケイタ,兵庫,84,A1,
013646,日浅 保幸,ヒアサ ヤスユキ,岡山,84,A2,
013647,光畑 政志,ミツハタ マサシ,岡山,84,A3,
013650,吉本 哲郎,ヨシモト テツロウ,広島,84,A1,
013651,井山 和裕,イヤマ カズヒロ,山口,84,A3,
013652,隅 直幸,スミ ナオユキ,山口,84,A1,
013653,森安 崇之,モリヤス タカユキ,香川,84,A1,
013654,滝山 実,タキヤマ ミノル,徳島,84,A2,
013659,高比良 豪,タカヒラ ゴウ,福岡,84,A2,
013660,徳吉 広紀,トクヨシ ヒロキ,福岡,84,A2,
013663,中野 功史,ナカノ コウジ,長崎,84,A3,
013667,田中 洋輔,タナカ ヨウスケ,宮崎,84,A1,
013668,佐々木 孝司,ササキ タカシ,青森,84,A2,
013676,塚本 諭,ツカモト サトシ,福島,85,A3,
013678,菊池 崇訓,キクチ タカノリ,栃木,85,A3,
013684,吉橋 秀城,ヨシハシ ヒデキ,埼玉,85,A3,
013690,伊藤 大理,イトウ ヒロミチ,長野,85,A2,
013692,佐野 多喜男,サノ タキオ,新潟,85,A3,
013693,藤原 憲征,フジワラ ノリユキ,新潟,85,A1,
013695,岡本 英之,オカモト ヒデユキ,千葉,85,A1,
013705,佐藤 有輝,サトウ ユウキ,神奈川,85,A3,
013710,榎本 光男,エノモト ミツオ,静岡,85,A2,
013711,小林 則之,コバヤシ ノリユキ,静岡,85,A1,
013713,丸山 勝也,マルヤマ カツヤ,静岡,85,A3,
013716,佐藤 亙,サトウ ワタル,愛知,85,A1,
013723,高谷 進太郎,タカヤ シンタロウ,三重,85,A2,
013728,伊狩 知人,イカリ トモヒト,奈良,85,A3,
013729,堺 文人,サカイ フミヒト,和歌山,85,A2,
013735,井上 剛,イノウエ ゴウ,岡山,85,A3,
013736,榊原 洋,サカキバラ ヒロシ,岡山,85,A2,
013738,眞鍋 伸也,マナベ シンヤ,香川,85,A2,
013740,大久保 直也,オオクボ ナオヤ,徳島,85,A3,
013742,葛西 雄太郎,カッサイ ユウタロウ,愛媛,85,A2,
013743,藤田 剣次,フジタ ケンジ,福岡,85,A3,
013747,伊藤 大志,イトウ ダイシ,青森,86,A1,
013748,佐々木 省司,ササキ シヨウジ,青森,86,A1,
013749,及川 裕奨,オイカワ ユウシヨウ,岩手,86,A3,
013755,佐藤 悦夫,サトウ エツオ,栃木,86,A1,
013760,矢口 啓一郎,ヤグチ ケイイチロウ,群馬,86,A2,
013761,新井 剛央,シンイ タケヒサ,埼玉,86,A2,
013763,川上 真二郎,カワカミ シンジロウ,新潟,86,A3,
013766,武井 大介,タケイ ダイスケ,千葉,86,A1,
013767,松丸 裕紀,マツマル ヒロノリ,福岡,86,A3,
013768,旭 啓介,アサヒ ケイスケ,神奈川,86,A3,
013771,吉川 誠,ヨシカワ マコト,神奈川,86,A3,
013775,鈴木 良太,スズキ リヨウタ,静岡,86,A1,
013776,小塚 潤,コヅカ ジユン,愛知,86,A3,
013781,服部 正継,ハツトリ マサツグ,岐阜,86,A3,
013782,原 真司,ハラ シンジ,岐阜,86,A1,
013784,太田 雅之,オオタ マサユキ,三重,86,A2,
013788,白崎 芳典,シラサキ ヨシノリ,福井,86,A3,
013792,辰己 豊,タツミ ユタカ,奈良,86,A1,
013794,川西 亮介,カワニシ リヨウスケ,和歌山,86,A3,
013796,陶器 一馬,トウキ カズマ,大阪,86,A3,
013799,真田 晃,サナダ アキラ,兵庫,86,A2,
013802,大林 亮介,オオバヤシ リヨウスケ,香川,86,A3,
013809,杉山 剛,スギヤマ ゴウ,福岡,86,A2,
013810,良永 浩一,ヨシナガ コウイチ,福岡,86,A1,
013811,池田 浩士,イケダ ヒロシ,佐賀,86,A2,
013817,吉川 裕二,ヨシカワ ユウジ,大分,86,A2,
013818,赤星 俊光,アカホシ トシミツ,熊本,86,A3,
013822,米原 大輔,ヨネハラ ダイスケ,沖縄,86,A2,
013824,上吹越 直樹,カミフキゴシ ナオキ,鹿児島,86,A1,
013826,田原 大広,タハラ マサヒロ,北海道,87,A1,
013827,佐藤 雅彦,サトウ マサヒコ,宮城,87,A1,
013828,引地 正人,ヒキチ マサト,秋田,87,A1,
013830,田崎 良太郎,タサキ リヨウタロウ,福島,87,A3,
013834,平石 浩之,ヒライシ ヒロユキ,茨城,87,A1,
013838,山田 武,ヤマダ タケシ,群馬,87,A2,
013839,若林 耕司,ワカバヤシ コウジ,群馬,87,A2,
013840,高瀬 卓,タカセ スグル,埼玉,87,A3,
013845,加賀美 智史,カガミ サトシ,山梨,87,A2,
013847,小林 大能,コバヤシ ヒロヨシ,千葉,87,A3,
013853,長田 祐弥,オサダ ユウヤ,神奈川,87,A1,
013854,川田 忍,カワダ シノブ,神奈川,87,A2,
013857,浅沼 聖士,アサヌマ キヨヒト,静岡,87,A2,
013859,荒木 伸哉,アラキ シンヤ,静岡,87,A1,
013860,藤原 清隆,フジワラ キヨタカ,静岡,87,A2,
013861,岡田 大門,オカダ ダイモン,愛知,87,A3,
013863,吉田 健市,ヨシダ ケンイチ,愛知,87,A1,
013867,樋口 奨平,ヒグチ シヨウヘイ,富山,87,A3,
013884,守谷 陽介,モリヤ ヨウスケ,岡山,87,A1,
013885,柳谷 崇,ヤナギダニ タカシ,岡山,87,A1,
013887,沖本 尚織,オキモト タカオリ,広島,87,A3,
013888,細川 貴史,ホソカワ タカフミ,広島,87,A1,
013890,藤原 浩,フジハラ ヒロシ,高知,87,A1,
013892,梶山 裕次郎,カジヤマ ユウジロウ,福岡,87,A2,
013893,片山 直人,カタヤマ ナオト,福岡,87,A2,
013895,松尾 大樹,マツオ ダイキ,長崎,87,A2,
013896,安東 英博,アンドウ ヒデヒロ,大分,87,A2,
013897,加藤 大輔,カトウ ダイスケ,大分,87,A3,
013899,山田 和巧,ヤマダ カズヨシ,神奈川,87,A2,
013901,山田 敦也,ヤマダ アツヤ,北海道,88,A1,
013902,岩崎 将士,イワサキ マサシ,青森,88,A1,
013903,川崎 健次,カワサキ ケンジ,神奈川,88,A1,
013907,佐藤 正吾,サトウ シヨウゴ,宮城,88,A2,
013908,菅田 和宏,スガタ カズヒロ,宮城,88,A2,
013910,高橋 秀吉,タカハシ ヒデヨシ,秋田,88,A1,
013914,小谷田 公則,コヤタ マサノリ,福島,88,A1,
013915,坂口 卓士,サカグチ タカシ,福島,88,A2,
013916,白石 大輔,シライシ ダイスケ,福島,88,A1,
013924,阿久津 修,アクツ シユウ,栃木,88,A1,
013925,黒田 篤,クロダ アツシ,栃木,88,A2,
013926,早坂 道義,ハヤサカ ミチヨシ,栃木,88,A3,
013927,高橋 由記,タカハシ ヨシキ,群馬,88,A3,
013929,宮内 善光,ミヤウチ ゼンコウ,群馬,88,A2,
013932,井上 雄三,イノウエ ユウゾウ,埼玉,88,A1,
013933,藤田 竜矢,フジタ タツヤ,埼玉,88,A1,
013936,小埜 正義,オノ マサヨシ,千葉,88,A1,
013942,大西 健士,オオニシ ケンジ,神奈川,88,A2,
013947,石橋 慎太郎,イシバシ シンタロウ,静岡,88,A1,
013950,松山 桂輔,マツヤマ ケイスケ,愛知,88,A1,
013951,永井 清史,ナガイ キヨフミ,岐阜,88,A2,
013952,東 鉄也,アズマ テツヤ,三重,88,A2,
013953,坂元 洋行,サカモト ヒロユキ,三重,88,A2,
013955,三宅 裕武,ミヤケ ヤスタケ,三重,88,A1,
013957,堂村 知哉,ドウムラ トモヤ,福井,88,A2,
013959,鷲田 佳史,ワシダ ヨシフミ,福井,88,A1,
013964,高田 大輔,タカダ ダイスケ,徳島,88,A3,
013965,岡田 雅也,オカダ マサヤ,高知,88,A3,
013968,越智 展孝,オチ ノブタカ,愛媛,88,A2,
013969,武田 良太,タケダ リヨウタ,愛媛,88,A2,
013970,三好 陽一,ミヨシ ヨウイチ,愛媛,88,A1,
013971,内山 拓,ウチヤマ タク,福岡,88,A1,
013972,富永 昌久,トミナガ マサヒサ,佐賀,88,A3,
013974,大竹野 裕樹,オオタケノ ヒロキ,鹿児島,88,A3,
013979,竹内 優也,タケウチ ユウヤ,北海道,89,A2,
013980,森田 康嗣,モリタ コウジ,北海道,89,A2,
013983,大崎 智久,オオサキ トモヒサ,青森,89,A2,
013984,栗林 巧,クリバヤシ タクミ,青森,89,A1,
013985,高橋 陽介,タカハシ ヨウスケ,青森,89,A1,
013988,阿部 英光,アベ ヒデミツ,宮城,89,A2,
013989,大泉 英則,オオイズミ ヒデノリ,宮城,89,A2,
013993,佐藤 朋也,サトウ トモヤ,秋田,89,A1,
013994,杉山 悠也,スギヤマ ユウヤ,秋田,89,A1,
013996,丸山 貴秀,マルヤマ タカヒデ,秋田,89,A1,
013998,桂馬 将人,ケイマ マサヒト,福島,89,A3,
014003,須賀 和彦,スガ カズヒコ,茨城,89,A2,
014005,山本 健也,ヤマモト ケンヤ,千葉,89,A1,
014006,青木 亮太,アオキ リヨウタ,群馬,89,A3,
014008,甲斐 康昭,カイ ヤスアキ,群馬,89,A2,
014010,長谷川 辰徳,ハセガワ タツノリ,埼玉,89,A3,
014011,細沼 健治,ホソヌマ ケンジ,埼玉,89,A2,
014012,関 智晴,セキ トモハル,新潟,89,A2,
014014,須藤 雄太,スドウ ユウタ,千葉,89,A3,
014015,米倉 剛志,ヨネクラ タケシ,千葉,89,A3,
014019,長崎 達也,ナガサキ タツヤ,神奈川,89,A3,
014021,森川 剛,モリカワ ゴウ,神奈川,89,A2,
014024,櫻井 丈,サクライ ジヨウ,静岡,89,A1,
014027,臼井 昌巨,ウスイ マサナオ,愛知,89,A3,
014031,筒井 裕哉,ツツイ ユウヤ,兵庫,89,A1,
014032,藤田 真,フジタ マコト,兵庫,89,A1,
014033,藤縄 洋介,フジナワ ヨウスケ,兵庫,89,A3,
014034,鳥丸 晃順,トリマル テルマサ,岡山,89,A3,
014035,伊藤 大彦,イトウ マサヒコ,徳島,89,A1,
014036,篠原 龍馬,シノハラ リユウマ,高知,89,A1,
014037,橋本 勝弘,ハシモト カツヒロ,愛媛,89,A2,
014040,竹内 真一,タケウチ シンイチ,福岡,89,A2,
014042,徳吉 正治,トクヨシ マサハル,福岡,89,A3,
014044,八尋 英輔,ヤヒロ エイスケ,福岡,89,A1,
014046,秋山 貴宏,アキヤマ タカヒロ,佐賀,89,A3,
014048,川島 勝,カワシマ マサル,長崎,89,A2,
014049,廣田 樹里,ヒロタ ジユリ,熊本,89,A3,
014056,橋本 紀彰,ハシモト ノリアキ,茨城,90,A2,
014057,松田 優一,マツダ ユウイチ,茨城,90,A2,
014058,佐藤 謙,サトウ ケン,栃木,90,A2,
014059,高塩 讓次,タカシオ ジヨウジ,栃木,90,A1,
014061,塚本 和宏,ツカモト カズヒロ,栃木,90,A2,
014062,齋藤 昌弘,サイトウ マサヒロ,群馬,90,A2,
014064,吉松 賢二,ヨシマツ ケンジ,群馬,90,A3,
014066,池田 勇人,イケダ ハヤト,埼玉,90,A1,
014067,工藤 考生,クドウ タカオ,埼玉,90,A3,
014069,渡邊 政幸,ワタナベ マサユキ,埼玉,90,A3,
014070,秋葉 大輔,アキバ ダイスケ,東京,90,A2,
014072,伊藤 之人,イトウ ユキヒト,東京,90,A3,
014075,松根 真,マツネ シン,東京,90,A2,
014077,古屋 琢晶,フルヤ タカアキ,山梨,90,A1,
014078,植草 亮介,ウエクサ リヨウスケ,千葉,90,A1,
014079,江本 博明,エモト ヒロアキ,千葉,90,A2,
014080,近藤 隆司,コンドウ リユウジ,千葉,90,A1,
014082,高橋 雅之,タカハシ マサユキ,千葉,90,A1,
014083,成清 謙二郎,ナリキヨ ケンジロウ,千葉,90,A1,
014084,小菅 誠,コスゲ マコト,神奈川,90,A1,
014086,齋藤 友幸,サイトウ トモユキ,静岡,90,A1,
014087,高橋 隆太,タカハシ リユウタ,静岡,90,A2,
014091,伊原 弘幸,イハラ ヒロユキ,福井,90,A1,
014092,山出 裕幸,ヤマデ ヒロユキ,福井,90,A2,
014093,窪田 陽介,クボタ ヨウスケ,滋賀,90,A3,
014094,有馬 雄二,アリマ ユウジ,奈良,90,A2,
014098,菊谷 信一,キクタニ シンイチ,大阪,90,A1,
014099,坂本 佳憲,サカモト ヨシノリ,大阪,90,A3,
014101,永橋 武司,ナガハシ タケシ,大阪,90,A3,
014102,篠塚 光一,シノヅカ コウイチ,兵庫,90,A1,
014104,池田 憲昭,イケダ ノリアキ,香川,90,A1,
014110,廣川 泰昭,ヒロカワ ヤスアキ,愛媛,90,A2,
014115,原田 礼,ハラダ レイ,福岡,90,A2,
014116,安東 宏高,アンドウ ヒロタカ,大分,90,A1,
014119,中村 雅仁,ナカムラ マサヒト,熊本,90,A1,
014120,永田 修一,ナガタ シユウイチ,熊本,90,A3,
014124,石田 宏樹,イシダ ヒロキ,青森,91,A3,
014125,坂本 昌宏,サカモト マサヒロ,青森,91,A2,
014126,高谷 敏史,タカヤ トシフミ,青森,91,A3,
014128,嶋貫 高大,シマヌキ タカヒロ,宮城,91,A3,
014130,竹山 陵太,タケヤマ リヨウタ,宮城,91,A1,
014132,三澤 康人,ミサワ ヤスト,宮城,91,A1,
014133,高橋 紀史,タカハシ ノリフミ,佐賀,91,A2,
014135,金澤 幸司,カナザワ コウジ,福島,91,A1,
014136,金澤 竜二,カナザワ リユウジ,福島,91,A1,
014139,小田倉 勇二,オダクラ ユウジ,埼玉,91,A1,
014144,石川 雅望,イシカワ マサモチ,群馬,91,A1,
014145,篠原 忍,シノハラ シノブ,愛知,91,A1,
014153,伊藤 太一,イトウ タイチ,山梨,91,A1,
014154,長岡 豪,ナガオカ ゴウ,群馬,91,A3,
014155,佐藤 政利,サトウ マサトシ,新潟,91,A2,
014157,原田 泰志,ハラダ タイシ,新潟,91,A1,
014158,本間 慎吾,ホンマ シンゴ,新潟,91,A3,
014161,藤田 大輔,フジタ ダイスケ,千葉,91,A1,
014164,田中 孝彦,タナカ タカヒコ,静岡,91,A1,
014166,倉野 隆太郎,クラノ リユウタロウ,三重,91,A2,
014169,富安 保充,トミヤス ヤスミツ,愛知,91,A2,
014171,深見 仁哉,フカミ ヒロヤ,愛知,91,A2,
014172,山田 隼司,ヤマダ ジユンジ,岐阜,91,A2,
014178,伊原 克彦,イハラ カツヒコ,福井,91,A1,
014179,肥後 公允,ヒゴ コウスケ,奈良,91,A3,
014180,坂本 匡洋,サカモト タダヒロ,大阪,91,A2,
014181,藤原 悠斗,フジワラ ユウト,岡山,91,A2,
014183,隅田 幸助,スミダ コウスケ,広島,91,A3,
014185,隅 貴史,スミ タカシ,山口,91,A1,
014187,大西 祐,オオニシ ユウ,岡山,91,A1,
014192,野本 翔太,ノモト シヨウタ,高知,91,A1,
014193,玉手 翔,タマテ シヨウ,兵庫,91,A1,
014194,桑原 亮,クワハラ リヨウ,福岡,91,A1,
014195,田中 孝法,タナカ タカノリ,福岡,91,A2,
014202,島田 茂希,シマダ シゲキ,北海道,92,A3,
014204,大崎 和也,オオサキ カズヤ,青森,92,A1,
014205,日当 泰之,ヒナタ ヤスユキ,青森,92,A2,
014206,金野 俊秋,コンノ トシアキ,千葉,92,A1,
014209,加美山 隆行,カミヤマ タカユキ,宮城,92,A3,
014213,岡田 哲夫,オカダ テツオ,福島,92,A3,
014216,田村 純一,タムラ ジユンイチ,福島,92,A3,
014218,邊見 斎,ヘンミ ヒトシ,福島,92,A3,
014220,山崎 悟,ヤマザキ サトル,茨城,92,A2,
014223,瀧野 勝太,タキノ ショウタ,群馬,92,A2,
014224,矢島 一弥,ヤジマ カズヤ,群馬,92,A1,
014225,伊藤 亮,イトウ アキラ,埼玉,92,A1,
014226,大畑 裕貴,オオハタ ユウキ,埼玉,92,A2,
014227,緒方 剛,オガタ ツヨシ,埼玉,92,A2,
014230,山田 義彦,ヤマダ ヨシヒコ,埼玉,92,A1,
014235,鈴木 庸之,スズキ ノブユキ,新潟,92,A1,
014236,本田 拓也,ホンダ タクヤ,新潟,92,A2,
014240,須藤 誠,スドウ マコト,千葉,92,A2,
014242,亀谷 隆一,カメヤ リュウイチ,神奈川,92,A2,
014243,齊藤 健人,サイトウ タケト,静岡,92,A2,
014245,後藤 彰仁,ゴトウ アキヒト,岐阜,92,A2,
014251,関谷 哲平,セキヤ テツペイ,奈良,92,A3,
014254,武田 和也,タケダ カズヤ,奈良,92,A3,
014255,西本 直大,ニシモト タダヒロ,大阪,92,A2,
014257,岡崎 克政,オカザキ カツマサ,岡山,92,A3,
014258,片山 智晴,カタヤマ トモハル,岡山,92,A1,
014261,作田 悦章,サクタ ヨシアキ,徳島,92,A3,
014263,樫山 恭柄,カシヤマ キョウヘイ,福岡,92,A1,
014265,松永 真太,マツナガ シンタ,福岡,92,A3,
014266,宮本 龍一,ミヤモト リユウイチ,福岡,92,A3,
014267,一ノ瀬 匠,イチノセ タクミ,佐賀,92,A1,
014269,梶原 恵介,カジワラ ケイスケ,大分,92,A1,
014270,小原 将通,コハラ マサミチ,大分,92,A1,
014272,松田 直也,マツダ ナオヤ,大分,92,A3,
014274,吉成 晃一,ヨシナリ コウイチ,熊本,92,A3,
014275,喜納 隆志,キナ リユウジ,沖縄,92,A3,
014276,坂本 敏也,サカモト トシヤ,北海道,93,A3,
014277,山口 慎吾,ヤマグチ シンゴ,北海道,93,A2,
014280,井上 公利,イノウエ キミトシ,宮城,93,A2,
014281,寺林 正秋,テラバヤシ マサアキ,宮城,93,A1,
014282,石川 恭規,イシカワ タカノリ,福島,93,A2,
014287,齋藤 昌太,サイトウ シヨウタ,栃木,93,A3,
014289,羽石 国臣,ハネイシ クニオミ,栃木,93,A3,
014295,山崎 寛巳,ヤマザキ ヒロミ,新潟,93,A3,
014296,佐藤 清之,サトウ セイジ,千葉,93,A2,
014297,田中 勝仁,タナカ カツヒト,千葉,93,A2,
014298,蒔田 英彦,マキタ ヒデヒコ,千葉,93,A1,
014300,上野 真吾,ウエノ シンゴ,神奈川,93,A1,
014301,齋藤 輝彦,サイトウ テルヒコ,神奈川,93,A3,
014302,武田 憲祐,タケダ ケンスケ,神奈川,93,A1,
014303,小川 達也,オガワ タツヤ,静岡,93,A1,
014304,大竹 哲也,オオタケ テツヤ,静岡,93,A2,
014305,大谷 靖茂,オオヤ ヤスシゲ,愛知,93,A1,
014314,中川 繁樹,ナカガワ シゲキ,京都,93,A2,
014315,西谷 岳文,ニシタニ タカフミ,京都,93,A2,
014316,山崎 光展,ヤマザキ テルノブ,京都,93,A3,
014319,中野 彰人,ナカノ アキヒト,和歌山,93,A3,
014320,在本 直樹,アリモト ナオキ,岡山,93,A2,
014321,石坂 永伍,イシザカ エイゴ,岡山,93,A1,
014323,連佛 康浩,レンブツ ヤスヒロ,岡山,93,A1,
014324,内村 竜也,ウチムラ タツヤ,山口,93,A2,
014326,福島 栄一,フクシマ エイイチ,香川,93,A1,
014328,藤田 洋平,フジタ ヨウヘイ,徳島,93,A2,
014329,阿部 功,アベ イサオ,高知,93,A2,
014331,栗田 貴徳,クリタ タカノリ,愛媛,93,A1,
014332,芳野 匠,ヨシノ タクミ,愛媛,93,A1,
014333,阿部 兼士,アベ ケンジ,福岡,93,A1,
014334,高倉 俊宏,タカクラ トシヒロ,福岡,93,A2,
014335,中園 朋亨,ナカゾノ トモユキ,福岡,93,A2,
014336,八尋 翔平,ヤヒロ シヨウヘイ,福岡,93,A2,
014339,成松 春樹,ナリマツ ハルキ,佐賀,93,A1,
014340,古川 貴之,フルカワ タカユキ,佐賀,93,A1,
014341,松尾 玄太,マツオ ゲンタ,佐賀,93,A1,
014342,南部 亮太,ナンブ リヨウタ,長崎,93,A3,
014344,園田 鉄兵,ソノダ テツペイ,熊本,93,A2,
014347,外崎 一成,トノザキ カズナリ,北海道,94,A2,
014349,佐藤 純嘉,サトウ スミヨシ,青森,94,A3,
014351,田口 守,タグチ マモル,山口,94,A2,
014353,宇佐見 裕輝,ウサミ ユウキ,福島,94,A1,
014354,大島 将人,オオシマ マサト,福島,94,A1,
014357,佐藤 康恭,サトウ ヤスユキ,福島,94,A3,
014359,関根 彰人,セキネ アキト,沖縄,94,A2,
014360,関根 崇人,セキネ タカヒト,福島,94,A3,
014361,真船 圭一郎,マフネ ケイイチロウ,福島,94,A1,
014362,岩崎 大和,イワサキ ヤマト,茨城,94,A2,
014363,中川 昌久,ナカガワ ヨシヒサ,茨城,94,A3,
014364,野間 司,ノマ ツカサ,茨城,94,A2,
014365,薮田 貴幸,ヤブタ タカユキ,茨城,94,A3,
014366,阿久津 浩之,アクツ ヒロユキ,東京,94,A2,
014369,中川 拓也,ナカガワ タクヤ,群馬,94,A3,
014373,鈴木 雄一朗,スズキ ユウイチロウ,東京,94,A3,
014374,屋良 朝春,ヤラ トモハル,沖縄,94,A2,
014378,加賀山 淳,カガヤマ アツシ,千葉,94,A1,
014381,吉澤 賢,ヨシザワ ケン,千葉,94,A3,
014382,伊藤 翼,イトウ ツバサ,神奈川,94,A3,
014383,河野 要,コウノ カナメ,神奈川,94,A2,
014385,山本 淳,ヤマモト ジユン,神奈川,94,A3,
014386,伊藤 拓人,イトウ タクト,静岡,94,A2,
014387,佐野 恭太,サノ キヨウタ,静岡,94,A2,
014388,水野 悟志,ミズノ サトシ,静岡,94,A3,
014389,村本 慎吾,ムラモト シンゴ,静岡,94,A3,
014390,愛敬 博之,アイキヨウ ヒロユキ,愛知,94,A1,
014392,北村 篤,キタムラ アツシ,岐阜,94,A3,
014393,柴田 祐也,シバタ ユウヤ,岐阜,94,A2,
014395,竹田 慎一,タケダ シンイチ,富山,94,A3,
014400,志水 祐彦,シミズ マサヒコ,大阪,94,A2,
014402,泉谷 直哉,イズタニ ナオヤ,兵庫,94,A2,
014403,櫻井 太士,サクライ タイジ,岡山,94,A1,
014404,岩本 純,イワモト ジユン,岡山,94,A1,
014407,森 佑樹,モリ ユウキ,岡山,94,A3,
014408,守安 政雄,モリヤス マサオ,岡山,94,A2,
014410,桶谷 明誉,オケタニ アキヨ,広島,94,A1,
014411,小谷 文康,コダニ フミヤス,広島,94,A2,
014412,宮崎 康司,ミヤザキ コウジ,香川,94,A2,
014413,松本 充生,マツモト ミツオ,愛媛,94,A3,
014414,是永 幸寛,コレナガ ユキヒロ,福岡,94,A1,
014415,楢原 由将,ナラハラ ユウスケ,福岡,94,A2,
014416,矢田 晋,ヤダ ススム,福岡,94,A3,
014418,安部 龍文,アベ リユウブン,大分,94,A3,
014422,前田 義和,マエダ ヨシカズ,鹿児島,94,A1,
014424,大澤 哉太,オオサワ カナタ,北海道,95,A3,
014425,前川 裕希,マエカワ ヒロキ,北海道,95,A3,
014428,鹿内 翔,シカナイ カケル,青森,95,A1,
014429,千澤 大輔,センザワ ダイスケ,青森,95,A3,
014430,橋本 祐司,ハシモト ユウジ,青森,95,A3,
014432,相澤 恵一,アイザワ ケイイチ,宮城,95,A3,
014433,長田 彰人,オサダ アキト,宮城,95,A3,
014434,山崎 功也,ヤマザキ コウヤ,宮城,95,A3,
014438,緑川 修平,ミドリカワ シユウヘイ,福島,95,A2,
014439,山崎 司,ヤマザキ ツカサ,福島,95,A1,
014443,堀内 昇,ホリウチ ノボル,茨城,95,A3,
014444,星野 辰也,ホシノ タツヤ,栃木,95,A1,
014446,菅藤 智,カントウ サトシ,群馬,95,A3,
014447,三木 翔太,ミキ シヨウタ,群馬,95,A3,
014449,片折 勇輝,カタオリ ユウキ,福岡,95,A2,
014452,長井 優斗,ナガイ ユウト,東京,95,A1,
014454,上原 龍,ウエハラ リユウ,長野,95,A1,
014455,小野 裕次,オノ ユウジ,千葉,95,A1,
014456,亀井 久幸,カメイ ヒサユキ,千葉,95,A2,
014457,北野 良栄,キタノ ヨシハル,茨城,95,A2,
014459,根藤 浩二,ネトウ コウジ,千葉,95,A2,
014460,矢口 大樹,ヤグチ ダイキ,千葉,95,A1,
014461,山中 秀将,ヤマナカ ヒデタケ,千葉,95,A1,
014463,久保 将史,クボ マサシ,神奈川,95,A3,
014464,中西 司,ナカニシ ツカサ,神奈川,95,A2,
014466,二藤 元太,ニトウ ゲンタ,静岡,95,A1,
014470,板橋 慎治,イタバシ シンジ,岐阜,95,A2,
014473,重倉 高史,シゲクラ タカシ,富山,95,A1,
014474,山崎 晃,ヤマザキ アキラ,石川,95,A2,
014475,高間 悠平,タカマ ユウヘイ,福井,95,A1,
014476,乾 庄平,イヌイ ショウヘイ,滋賀,95,A2,
014477,白上 翔,シラカミ シヨウ,滋賀,95,A1,
014479,金子 浩貴,カネコ ヒロキ,京都,95,A2,
014482,松本 琢也,マツモト タクヤ,兵庫,95,A3,
014483,竜門 孝宗,リユウモン タカノリ,兵庫,95,A3,
014486,大瀬戸 潤一郎,オオセド ジユンイチロウ,広島,95,A1,
014487,才迫 勇馬,サイサコ ユウマ,広島,95,A3,
014489,高鍋 邦彰,タカナベ クニアキ,福岡,95,A2,
014490,永田 隼一,ナガタ ジユンイチ,福岡,95,A3,
014492,飯塚 隼人,イイヅカ ハヤト,佐賀,95,A2,
014494,山崎 翼,ヤマサキ ツバサ,大分,95,A1,
014495,下沖 功児,シモオキ コウジ,宮崎,95,A1,
014496,天沼 雅貴,アマヌマ マサキ,埼玉,96,A3,
014502,相笠 翔太,アイガサ シヨウタ,福島,96,A2,
014503,真船 拓磨,マフネ タクマ,福島,96,A3,
014510,菅谷 隆司,スガヤ タカシ,東京,96,A1,
014513,樋口 絢土,ヒグチ ケント,東京,96,A2,
014516,村松 俊弥,ムラマツ トシヤ,山梨,96,A3,
014519,湯浅 大輔,ユアサ ダイスケ,千葉,96,A3,
014520,伊藤 彰規,イトウ アキノリ,神奈川,96,A2,
014522,高橋 佑輔,タカハシ ユウスケ,神奈川,96,A2,
014525,三ッ井 武,ミツイ タケシ,神奈川,96,A2,
014526,渡辺 馨,ワタナベ カオル,神奈川,96,A3,
014527,飯田 憲司,イイダ ケンジ,静岡,96,A1,
014528,落合 達彦,オチアイ タツヒコ,静岡,96,A1,
014530,栗田 雄矢,クリタ ユウヤ,静岡,96,A1,
014532,柴田 竜史,シバタ リユウジ,静岡,96,A2,
014533,加藤 正法,カトウ マサノリ,愛知,96,A2,
014549,戸伏 康夫,トブセ ヤスオ,岡山,96,A1,
014550,龍門 慎太郎,リユウモン シンタロウ,岡山,96,A3,
014555,水木 裕聡,ミズキ ヒロアキ,高知,96,A3,
014556,小川 祐司,オガワ ユウジ,愛媛,96,A2,
014559,田山 誠,タヤマ マコト,長崎,96,A3,
014561,高橋 義秋,タカハシ ヨシアキ,大分,96,A1,
014563,興呂木 雄治,コウロギ ユウジ,熊本,96,A2,
014565,中村 健志,ナカムラ ケンシ,熊本,96,A1,
014566,安谷屋 将志,アダニヤ マサシ,沖縄,96,A2,
014567,仲松 勝太,ナカマツ シヨウタ,沖縄,96,A2,
014570,松澤 敬輔,マツザワ ケイスケ,北海道,97,A1,
014572,赤塚 悠人,アカツカ ユウト,山形,97,A1,
014575,鈴木 達也,スズキ タツヤ,福島,97,A2,
014578,大越 啓介,オオコシ ケイスケ,栃木,97,A3,
014579,齋藤 一茂,サイトウ カズシゲ,群馬,97,A2,
014581,佐山 俊樹,サヤマ トシキ,埼玉,97,A1,
014583,吉田 昌弘,ヨシダ マサヒロ,埼玉,97,A3,
014584,井上 嵩,イノウエ シユウ,神奈川,97,A2,
014586,近藤 寛央,コンドウ モトチカ,東京,97,A2,
014587,鈴木 謙二,スズキ ケンジ,東京,97,A1,
014589,西巻 秀太,ニシマキ シユウタ,新潟,97,A3,
014590,近藤 夏樹,コンドウ ナツキ,千葉,97,A1,
014591,本多 哲也,ホンダ テツヤ,千葉,97,A1,
014594,太田 剛司,オオタ タケシ,愛知,97,A1,
014595,瀧本 匡平,タキモト キヨウヘイ,愛知,97,A3,
014596,中村 賢二,ナカムラ ケンジ,愛知,97,A2,
014597,上田 隼,ウエダ ジユン,岐阜,97,A2,
014598,岡崎 祥伍,オカザキ シヨウゴ,岐阜,97,A2,
014600,山田 祥明,ヤマダ マサアキ,岐阜,97,A1,
014601,小竹 洋平,コタケ ヨウヘイ,福岡,97,A1,
014603,佐野 洋継,サノ ヒロツグ,京都,97,A2,
014610,山村 慮太,ヤマムラ リヨウタ,大阪,97,A3,
014612,工藤 文彦,クドウ フミヒコ,沖縄,97,A1,
014614,高橋 清太郎,タカハシ セイタロウ,岡山,97,A1,
014615,藤原 亮太,フジワラ リヨウタ,岡山,97,A2,
014619,木村 浩宣,キムラ ヒロノリ,香川,97,A1,
014620,二條 祐也,ニジヨウ ユウヤ,徳島,97,A1,
014623,飯田 裕次,イイダ ユウジ,福岡,97,A1,
014625,藤野 貴章,フジノ タカアキ,佐賀,97,A2,
014630,利根 正明,トネ キミハル,大分,97,A1,
014634,寺崎 祐樹,テラザキ ユウキ,熊本,97,A1,
014637,吉成 貴博,ヨシナリ タカヒロ,熊本,97,A2,
014638,川又 裕樹,カワマタ ユウキ,鹿児島,97,A2,
014643,菅原 洋輔,スガワラ ヨウスケ,岩手,98,A3,
014644,高橋 明久,タカハシ アキヒサ,宮城,98,A3,
014646,三浦 雄大,ミウラ ユウタ,宮城,98,A1,
014650,佐藤 裕輝,サトウ ユウキ,福島,98,A3,
014651,須永 勝太,スナガ シヨウタ,福島,98,A2,
014652,原 清孝,ハラ キヨタカ,沖縄,98,A3,
014654,舘 真成,タチ マサナリ,茨城,98,A2,
014657,野中 祐志,ノナカ ユウジ,埼玉,98,A1,
014658,馬場 和広,ババ カズヒロ,埼玉,98,A1,
014662,櫻井 宏樹,サクライ ヒロキ,東京,98,A3,
014665,小峰 烈,コミネ タケシ,長野,98,A1,
014666,等々力 久就,トドリキ ヒサナリ,長野,98,A3,
014667,藤本 龍也,フジモト リユウヤ,長野,98,A3,
014669,植木 和広,ウエキ カズヒロ,神奈川,98,A1,
014671,山田 裕哉,ヤマダ ユウヤ,岐阜,98,A2,
014672,吉田 茂生,ヨシダ シゲキ,岐阜,98,A1,
014673,松田 大,マツダ ダイ,富山,98,A1,
014674,丹波 孝佑,タンバ コウスケ,大阪,98,A1,
014676,柳原 司,ヤナギハラ ツカサ,大阪,98,A2,
014678,樋口 有樹郎,ヒグチ ユキオ,兵庫,98,A3,
014679,小玉 拓真,コダマ タクマ,岡山,98,A1,
014684,松本 卓也,マツモト タクヤ,徳島,98,A1,
014686,秋永 昂人,アキナガ タカヒト,福岡,98,A3,
014687,井上 将志,イノウエ マサシ,福岡,98,A2,
014688,西田 大志,ニシダ タイシ,福岡,98,A1,
014690,好永 晃,ヨシナガ アキラ,佐賀,98,A1,
014693,高田 大輔,タカダ ダイスケ,岡山,97,A3,
014694,前島 恭平,マエシマ キョウヘイ,長野,98,A3,
014695,山口 茂,ヤマグチ シゲル,福島,98,A2,
014697,相川 巧,アイカワ タクミ,埼玉,98,A3,
014699,小川 大地,オガワ ダイチ,愛知,98,A3,
014703,一ノ瀬 貴将,イチノセ タカマサ,大阪,98,A2,
014704,阿部 充宏,アベ ミツヒロ,山口,98,A2,
014705,沢田 勇治,サワダ ユウジ,山口,98,A3,
014707,飯塚 直人,イイヅカ ナオト,佐賀,98,A2,
014709,松岡 孝高,マツオカ ヨシタカ,熊本,98,A1,
014711,相澤 政宏,アイザワ マサヒロ,宮城,99,A1,
014713,鈴木 裕斗,スズキ ヒロト,宮城,99,A2,
014714,橋本 智昭,ハシモト トモアキ,宮城,99,A1,
014715,高橋 幸司,タカハシ コウジ,沖縄,99,A1,
014716,猪狩 祐樹,イガリ ユウキ,福島,99,A1,
014717,泉 文人,イズミ フミト,福島,99,A2,
014719,佐川 拓也,サガワ タクヤ,福島,99,A3,
014728,三好 恵一郎,ミヨシ ケイイチロウ,群馬,99,A1,
014731,山崎 輝夫,ヤマザキ テルオ,埼玉,99,A1,
014732,和田 禎嗣,ワダ ヨシツグ,埼玉,99,A2,
014734,長沼 謙太,ナガヌマ ケンタ,東京,99,A1,
014735,今村 俊雄,イマムラ トシオ,山梨,99,A3,
014737,河上 陽一,カワカミ ヨウイチ,千葉,99,A2,
014738,櫻川 雅彦,サクラカワ マサヒコ,千葉,99,A3,
014739,里見 恒平,サトミ コウヘイ,千葉,99,A3,
014740,須藤 悟,スドウ サトル,千葉,99,A1,
014742,河野 淳吾,コウノ ジュンゴ,神奈川,99,A2,
014743,鈴木 広人,スズキ ヒロト,神奈川,99,A3,
014747,猪俣 康一,イノマタ コウイチ,愛知,99,A1,
014748,山口 智弘,ヤマグチ トモヒロ,愛知,99,A1,
014749,山田 哲也,ヤマダ テツヤ,愛知,99,A2,
014753,山田 純也,ヤマダ ジュンヤ,岐阜,99,A2,
014755,奥出 健士郎,オクデ ケンシロウ,福井,99,A2,
014758,中野 智公,ナカノ トモキ,和歌山,99,A2,
014765,樫村 伸平,カシムラ シンペイ,兵庫,99,A3,
014772,細田 純平,ホソダ ジュンペイ,広島,99,A3,
014774,阿部 弘,アベ ヒロシ,高知,99,A3,
014775,小原 周祐,オハラ シュウスケ,高知,99,A1,
014776,川上 修平,カワカミ シュウヘイ,高知,99,A3,
014777,竹村 達也,タケムラ タツヤ,高知,99,A3,
014778,宮崎 一彰,ミヤザキ カズアキ,高知,99,A3,
014779,名川 豊,ナガワ ユタカ,福岡,99,A1,
014780,古川 大輔,フルカワ ダイスケ,広島,99,A3,
014781,船倉 卓郎,フナクラ タクロウ,長崎,99,A3,
014782,山口 幸太郎,ヤマグチ コウタロウ,長崎,99,A2,
014783,魚屋 周成,ウオヤ チカヨシ,大分,99,A2,
014784,萱島 大介,カヤジマ ダイスケ,大分,99,A2,
014787,瀬口 匠,セグチ タクミ,宮崎,99,A3,
014788,上吹越 俊一,カミフキゴシ シュンイチ,鹿児島,99,A1,
014789,茅野 寛史,カヤノ ヒロフミ,鹿児島,99,A1,
014796,保科 千春,ホシナ チハル,宮城,100,A1,
014797,佐々木 吉徳,ササキ ヨシノリ,秋田,100,A1,
014801,山本 恵介,ヤマモト ケイスケ,福島,100,A1,
014802,渡邉 正人,ワタナベ マサト,福島,100,A3,
014805,吉田 元輝,ヨシダ モトキ,茨城,100,A2,
014807,福田 拓也,フクダ タクヤ,栃木,100,A1,
014808,村上 貴彦,ムラカミ タカヒコ,栃木,100,A3,
014810,小川 辰徳,オガワ タツノリ,埼玉,100,A3,
014813,新井 僚太郎,アライ リョウタロウ,山梨,100,A2,
014816,齋藤 宗徳,サイトウ ムネノリ,千葉,100,A2,
014818,田口 裕一,タグチ ユウイチ,千葉,100,A1,
014819,太刀川 一成,タチカワ カズナリ,千葉,100,A1,
014820,中井 勇介,ナカイ ユウスケ,大阪,100,A1,
014821,原岡 泰志郎,ハラオカ タイシロウ,千葉,100,A2,
014822,関根 健太郎,セキネ ケンタロウ,神奈川,100,A1,
014823,渡辺 聖,ワタナベ ショウ,神奈川,100,A2,
014826,菅原 裕太,スガワラ ユウタ,静岡,100,A1,
014828,川口 聖翔,カワグチ セイショウ,三重,100,A2,
014829,桜井 雄太,サクライ ユウタ,愛知,100,A3,
014832,宮西 翼,ミヤニシ ツバサ,石川,100,A2,
014840,石貞 有基,イシサダ ユウキ,兵庫,100,A3,
014841,井上 将志,イノウエ マサシ,兵庫,100,A2,
014842,川本 琢也,カワモト タクヤ,岡山,100,A3,
014843,峰重 祐之介,ミネシゲ ユウノスケ,岡山,100,A2,
014844,三登 誉哲,ミト タカノリ,広島,100,A3,
014845,表原 周,オモテハラ シュウ,徳島,100,A1,
014849,宗崎 世連,ソウザキ セレン,高知,100,A1,
014850,岡田 啓渡,オカダ ケイト,愛媛,100,A2,
014851,横内 裕人,ヨコウチ ヒロト,愛媛,100,A2,
014853,中山 敬太郎,ナカヤマ ケイタロウ,熊本,100,A3,
014855,東 隆之,ヒガシ タカユキ,宮崎,100,A3,
014858,小原 唯志,オバラ タダシ,茨城,101,A1,
014859,小林 申太,コバヤシ シンタ,茨城,101,A2,
014862,坂本 将太郎,サカモト シヨウタロウ,栃木,101,A1,
014866,櫻井 利之,サクライ トシユキ,神奈川,101,A3,
014867,巴 直也,トモエ ナオヤ,神奈川,101,A1,
014868,小林 寛弥,コバヤシ ヒロヤ,静岡,101,A3,
014869,泉谷 元樹,イズタニ ゲンキ,愛知,101,A2,
014872,玉村 元気,タマムラ ゲンキ,香川,101,A3,
014876,冨尾 享平,トミオ キョウヘイ,沖縄,101,A1,
014880,野見 泰要,ノウミ ヒロモト,岡山,101,A3,
014884,友永 龍介,トモナガ リュウスケ,山口,101,A3,
014885,戸田 康平,トダ コウヘイ,香川,101,A3,
014887,板崎 佑矢,イタザキ ユウヤ,愛媛,101,A2,
014891,小岩 哲也,コイワ テツヤ,大分,101,A2,
014931,横田 政直,ヨコタ マサナオ,群馬,103,A3,
014932,浦野 慈生,ウラノ ヨシキ,神奈川,103,A3,
014933,奥原 亨,オクハラ リョウ,神奈川,103,A2,
014934,渋谷 錬,シブタニ レン,神奈川,103,A1,
014937,田中 誇士,タナカ コウジ,静岡,103,A2,
014938,夏目 新吾,ナツメ シンゴ,静岡,103,A2,
014941,江端 隆司,エバタ タカシ,福井,103,A2,
014948,斎藤 敦,サイトウ アツシ,大阪,103,A3,
014949,石口 慶多,イシグチ ケイタ,兵庫,103,A1,
014950,市村 昌樹,イチムラ マサキ,兵庫,103,A1,
014951,後藤 祐貴,ゴトウ ユウキ,兵庫,103,A2,
014952,多田 晃紀,タダ アキノリ,岡山,103,A1,
014953,和田 誠寿,ワダ セイジュ,広島,103,A1,
014954,日野 博幸,ヒノ ヒロユキ,愛媛,103,A1,
014958,新納 大輝,ニイロ ダイキ,鹿児島,103,A1,
014979,黒川 渉,クロカワ ワタル,奈良,103,A3,
014980,田原 宥明,タハラ ヒロアキ,北海道,105,A2,
014981,磯島 康祐,イソジマ コウスケ,青森,105,A1,
014984,會澤 龍,アイザワ リュウ,宮城,105,A1,
014985,竹山 慶太,タケヤマ ケイタ,宮城,105,A1,
014986,三浦 綾,ミウラ リョウ,宮城,105,A3,
014987,門馬 琢麿,モンマ タクマ,北海道,105,A3,
014988,伊早坂 駿一,イハヤザカ シュンイチ,茨城,105,A2,
014989,鈴木 豪,スズキ ゴウ,福島,105,A2,
014991,中島 将尊,ナカジマ マサタカ,東京,105,A1,
014992,楠野 史尭,クスノ フミアキ,埼玉,105,A2,
014993,副島 和人,ソエジマ カズト,神奈川,105,A1,
014994,野口 修平,ノグチ シュウヘイ,神奈川,105,A3,
014997,下岡 優季,シモオカ ユウキ,愛知,105,A1,
014999,水谷 将司,ミズタニ ショウジ,愛知,105,A2,
015000,藤井 準也,フジイ ジュンヤ,岐阜,105,A3,
015003,小笹 隼人,オザサ ハヤト,奈良,105,A1,
015005,野口 正則,ノグチ マサノリ,奈良,105,A1,
015007,岸川 哲也,キシカワ テツヤ,大阪,105,A3,
015010,吉川 嘉斗,ヨシカワ ヨシト,徳島,105,A1,
015011,吉岡 伸太郎,ヨシオカ シンタロウ,愛媛,105,A2,
015012,勝部 貴博,カツベ タカヒロ,福岡,105,A2,
015015,野口 大誠,ノグチ タイセイ,熊本,105,A1,
015042,高橋 泰裕,タカハシ ヤスヒロ,埼玉,107,A1,
015044,平川 雅晃,ヒラカワ マサアキ,長野,107,A3,
015045,大関 祐也,オオゼキ ユウヤ,千葉,107,A2,
015047,加藤 健一,カトウ ケンイチ,神奈川,107,A3,
015048,志佐 明,シサ メイ,神奈川,107,A1,
015053,廣田 敦士,ヒロタ アツシ,三重,107,A3,
015054,谷本 奨輝,タニモト ショウキ,岐阜,107,A2,
015056,田村 風起,タムラ カザキ,奈良,107,A1,
015057,小林 史也,コバヤシ フミヤ,和歌山,107,A2,
015059,畝木 努,ウネキ ツトム,岡山,107,A1,
015060,滝本 泰行,タキモト ヤスユキ,岡山,107,A1,
015062,大室 翔,オオムロ ショウ,岡山,107,A3,
015083,中村 弘之輔,ナカムラ コウノスケ,北海道,109,A1,
015084,菅田 謙仁,スガタ ノリヨシ,宮城,109,A2,
015085,奈良 基,ナラ モトイ,宮城,109,A2,
015087,本馬 鎌,ホンマ レン,福島,109,A3,
015088,神山 尚,カミヤマ ナオ,栃木,109,A1,
015091,樋口 瑛土,ヒグチ エイト,東京,109,A2,
015095,遠藤 勝弥,エンドウ カツヤ,静岡,109,A1,
015099,吉竹 尚城,ヨシタケ ナオキ,静岡,109,A1,
015100,渡邊 颯太,ワタナベ ハヤタ,静岡,109,A2,
015101,松岡 晋乃介,マツオカ シンノスケ,岐阜,109,A2,
015102,奥出 良,オクデ リョウ,新潟,109,A2,
015105,大崎 龍一郎,オオサキ リュウイチロウ,奈良,109,A3,
015107,田頭 寛之,タガシラ ヒロユキ,千葉,109,A1,
015108,吉田 篤史,ヨシダ アツシ,奈良,109,A2,
015109,大利 航平,オオトシ コウヘイ,和歌山,109,A1,
015110,小出 慎也,コイデ シンヤ,和歌山,109,A3,
015111,布居 翼,ヌノイ ツバサ,和歌山,109,A3,
015112,日浦 崇道,ヒウラ タカミチ,和歌山,109,A2,
015114,谷口 友真,タニグチ ユウマ,大阪,109,A1,
015115,堀 僚介,ホリ リョウスケ,大阪,109,A2,
015116,池野 健太,イケノ ケンタ,兵庫,109,A1,
015119,佐伯 辰哉,サエキ タツヤ,広島,109,A1,
015120,竹内 翼,タケウチ ツバサ,広島,109,A1,
015126,高山 雄丞,タカヤマ ユウスケ,愛媛,109,A2,
015131,池部 壮太,イケベ ソウタ,大分,109,A1,
015155,三浦 大輝,ミウラ ダイキ,宮城,111,A3,
015156,門脇 翼,カドワキ ツバサ,秋田,111,A2,
015157,高橋 大輝,タカハシ ダイキ,秋田,111,A2,
015158,猪野 泰介,イノ タイスケ,山形,111,A3,
015159,坂本 拓也,サカモト タクヤ,福島,111,A1,
015160,牧田 賢也,マキタ ケンヤ,福島,111,A3,
015162,蕗澤 鴻太郎,フキザワ コウタロウ,群馬,111,A1,
015163,戸塚 涼介,トヅカ リョウスケ,埼玉,111,A2,
015164,菱沼 元樹,ヒシヌマ ゲンキ,埼玉,111,A3,
015165,寺沼 将彦,テラヌマ マサヒコ,東京,111,A1,
015166,内田 淳,ウチダ アツシ,千葉,111,A3,
015167,小林 裕一朗,コバヤシ ユウイチロウ,千葉,111,A1,
015172,能代谷 元,ノシロヤ モト,神奈川,111,A1,
015175,桜井 大地,サクライ ダイチ,静岡,111,A2,
015176,望月 一成,モチヅキ イッセイ,静岡,111,A1,
015177,森川 康輔,モリカワ コウスケ,岐阜,111,A3,
015180,下岡 将也,シモオカ ショウヤ,三重,111,A2,
015181,栗田 万生,クリタ マオ,千葉,111,A2,
015182,吉川 希望,ヨシカワ キボウ,石川,111,A1,
015184,中野 雄喜,ナカノ ユウキ,京都,111,A1,
015185,布居 大地,ヌノイ ダイチ,和歌山,111,A2,
015187,鮫島 康治,サメジマ コウジ,大阪,111,A2,
015188,浜田 翔平,ハマダ ショウヘイ,大阪,111,A3,
015189,山本 隼人,ヤマモト ハヤト,大阪,111,A2,
015190,大中 拓磨,オオナカ タクマ,兵庫,111,A3,
015192,藤原 俊太郎,フジワラ シュンタロウ,岡山,111,A1,
015193,藏本 徹二,クラモト テツジ,広島,111,A1,
015194,船瀬 惇平,フナセ ジュンペイ,広島,111,A1,
015200,谷口 幸司,タニグチ コウジ,高知,111,A2,
015202,今野 大輔,コンノ ダイスケ,岡山,111,A1,
015204,吉田 智哉,ヨシダ トモヤ,愛媛,111,A1,
015208,金ヶ江 勇気,カネガエ ユウキ,佐賀,111,A1,
015209,中野 真吾,ナカノ シンゴ,佐賀,111,A2,
015210,白濱 一平,シラハマ カズヒラ,長崎,111,A2,
015212,山口 龍也,ヤマグチ リュウヤ,長崎,111,A1,
015214,境 啓亨,サカイ ヒロアキ,熊本,111,A2,
015215,照屋 将貴,テルヤ マサキ,沖縄,111,A3,
015233,渋谷 海,シブヤ カイ,香川,113,A1,
015234,八嶋 稔真,ヤシマ トシマサ,神奈川,113,A1,
015237,太田 将成,オオタ マサノリ,宮城,113,A2,
015238,井寺 亮太,イデラ リョウタ,長崎,113,A1,
015240,前川 大輔,マエカワ ダイスケ,福島,113,A1,
015241,山田 祐太,ヤマダ ユウタ,福島,113,A3,
015245,尾崎 悠生,オザキ ユウセイ,埼玉,113,A1,
015247,小玉 勇一,コダマ ユウイチ,埼玉,113,A2,
015253,清水 健次,シミズ ケンジ,東京,113,A3,
015254,鈴木 輝大,スズキ コウダイ,東京,113,A1,
015255,樋口 開土,ヒグチ カイト,東京,113,A1,
015257,舟山 佑京,フナヤマ ウキョウ,新潟,113,A3,
015259,小林 稜武,コバヤシ リョウブ,栃木,113,A1,
015260,國井 裕樹,クニイ ユウキ,神奈川,113,A3,
015262,内山 雅貴,ウチヤマ マサタカ,静岡,113,A1,
015264,渡邉 直弥,ワタナベ ナオヤ,静岡,113,A2,
015265,井田 晶之,イダ アキユキ,三重,113,A2,
015266,福田 真平,フクダ シンペイ,愛知,113,A1,
015267,橋本 英也,ハシモト エイヤ,岐阜,113,A1,
015270,元砂 海人,モトスナ アキヒト,奈良,113,A3,
015271,大城 慶之,オオシロ ヨシユキ,大阪,113,A2,
015273,中武 三四郎,ナカタケ サンシロウ,大阪,113,A2,
015275,伊藤 歩登,イトウ アルト,兵庫,113,A2,
015276,佐伯 亮輔,サエキ リョウスケ,岡山,113,A1,
015277,高井 流星,タカイ リュウセイ,岡山,113,A2,
015278,田中 和磨,タナカ カズマ,岡山,113,A1,
015279,山崎 駿哉,ヤマサキ シュンヤ,岡山,113,A2,
015280,藤井 將,フジイ ショウ,広島,113,A1,
015281,増田 仁,マスダ ヒトシ,広島,113,A2,
015283,安本 昇平,ヤスモト ショウヘイ,山口,113,A3,
015284,田村 裕也,タムラ ユウヤ,徳島,113,A2,
015285,久樹 克門,ヒサキ カツト,徳島,113,A1,
015286,土居 佑次,ドイ ユウジ,高知,113,A3,
015287,山中 崇弘,ヤマナカ タカヒロ,高知,113,A2,
015288,薦田 将伍,コモダ ショウゴ,愛媛,113,A1,
015290,真崎 章徳,マサキ アキノリ,佐賀,113,A3,
015293,中里 福太郎,ナカザト フクタロウ,北海道,113,A2,
015294,小原 亮哉,コハラ リョウヤ,大分,113,A1,
015295,篠田 樹,シノダ タツキ,大分,113,A3,
015299,曽我 圭佑,ソガ ケイスケ,熊本,113,A1,
015300,ラモス レオ,ラモス レオ,沖縄,113,A3,
015327,阿部 架惟都,アベ カイト,宮城,115,A1,
015330,伊藤 奎,イトウ ケイ,福島,115,A1,
015331,宇佐見 優介,ウサミ ユウスケ,福島,115,A1,
015332,鈴木 涼介,スズキ リョウスケ,福島,115,A1,
015338,土田 栄二,ツチダ エイジ,茨城,115,A1,
015339,土田 武志,ツチダ タケシ,茨城,115,A1,
015344,荒木 貴大,アラキ タカヒロ,埼玉,115,A1,
015345,浅見 隼,アサミ シュン,福岡,115,A1,
015346,鈴木 薫,スズキ カオル,東京,115,A1,
015348,寺沼 伊織,テラヌマ イオリ,東京,115,A1,
015350,山本 修平,ヤマモト シュウヘイ,東京,115,A2,
015351,宮下 一歩,ミヤシタ イッポ,長野,115,A1,
015353,松坂 侑亮,マツザカ ユウスケ,神奈川,115,A1,
015355,磯村 蓮太,イソムラ レンタ,愛知,115,A3,
015357,藤井 稜也,フジイ リョウヤ,岐阜,115,A2,
015359,山口 聖矢,ヤマグチ セイヤ,岐阜,115,A1,
015360,勝谷 勝治,カツヤ カツハル,三重,115,A2,
015364,吉堂 将規,ヨシドウ マサキ,奈良,115,A1,
015365,古賀 勝大,コガ カツヒロ,和歌山,115,A1,
015367,南 蓮,ミナミ レン,和歌山,115,A3,
015368,井坂 泰誓,イサカ ヒロトシ,大阪,115,A3,
015371,田上 晃也,タノウエ コウヤ,岡山,115,A3,
015372,野上 竜太,ノガミ リュウタ,岡山,115,A2,
015375,村上 竜馬,ムラカミ リョウマ,広島,115,A1,
015377,蒋野 翔太,コモノ ショウタ,徳島,115,A1,
015379,下野 義城,シモノ ヨシキ,愛媛,115,A2,
015382,竹元 健竜,タケモト ケンリュウ,福岡,115,A2,
015384,天野 純平,アマノ ジュンペイ,佐賀,115,A2,
015387,緒方 慎太朗,オガタ シンタロウ,熊本,115,A2,
015388,松尾 勇吾,マツオ ユウゴ,熊本,115,A1,
015414,大森 光明,オオモリ ミツアキ,北海道,117,A2,
015415,坂本 紘規,サカモト ヒロミ,青森,117,A1,
015419,黒滝 大翔,クロタキ タイショウ,茨城,117,A1,
015421,秋本 耀太郎,アキモト ヨウタロウ,栃木,117,A1,
015423,上川 直紀,カミカワ ナオキ,栃木,117,A1,
015424,中村 隆生,ナカムラ リュウキ,栃木,117,A1,
015425,藤野 竜也,フジノ タツヤ,栃木,117,A3,
015427,戸邉 捺希,トベ ナツキ,埼玉,117,A1,
015428,藤田 周磨,フジタ シュウマ,埼玉,117,A1,
015429,山田 雄大,ヤマダ ユウダイ,埼玉,117,A1,
015432,水森 湧太,ミズモリ ユウタ,東京,117,A1,
015433,山本 勝利,ヤマモト ショウリ,東京,117,A1,
015434,片桐 善也,カタギリ ゼンヤ,新潟,117,A1,
015442,仁藤 秀,ニトウ シュウ,静岡,117,A1,
015445,内藤 久文,ナイトウ ヒサフミ,愛知,117,A1,
015446,林 敬宏,ハヤシ タカヒロ,愛知,117,A1,
015447,小浦 凪,コウラ ナギ,岐阜,117,A2,
015455,枠元 一葵,ワクモト カズキ,福井,117,A2,
015456,安藤 直希,アンドウ ナオキ,京都,117,A2,
015457,村田 瑞季,ムラタ ミズキ,京都,117,A1,
015459,中村 泰輔,ナカムラ タイスケ,和歌山,117,A2,
015460,仲野 結音,ナカノ ユウト,大阪,117,A1,
015461,土生 敦弘,ハブ アツヒロ,大阪,117,A1,
015462,溝口 葵,ミゾグチ アオイ,三重,117,A1,
015467,倉松 涼,クラマツ リョウ,高知,117,A3,
015469,犬塚 貴之,イヌヅカ タカユキ,愛知,117,A1,
015471,中村 翔平,ナカムラ ショウヘイ,福岡,117,A2,
015472,吉田 勇気,ヨシダ ユウキ,大阪,117,A3,
015481,山川 奨太,ヤマカワ ショウタ,熊本,117,A2,
015482,松本 一志,マツモト カズシ,宮崎,117,A3,
015483,谷元 奎心,タニモト ケイシン,山口,117,A1,
015505,荻原 寿嗣,オギハラ トシツグ,北海道,119,A1,
015506,佐藤 啓斗,サトウ ヒロト,青森,119,A2,
015507,上遠野 拓馬,カトウノ タクマ,宮城,119,A1,
015508,菅野 航基,カンノ コウキ,宮城,119,A1,
015510,田口 勇介,タグチ ユウスケ,秋田,119,A1,
015511,中込 健太,ナカゴメ ケンタ,秋田,119,A3,
015512,大高 彰馬,オオタカ ショウマ,福島,119,A1,
015513,菊池 翔,キクチ カケル,福島,119,A2,
015515,平山 優太,ヒラヤマ ユウタ,福島,119,A2,
015523,邊見 祐太,ヘンミ ユウタ,新潟,119,A3,
015526,梅田 加津也,ウメダ カズヤ,神奈川,119,A1,
015531,深瀬 泰我,フカセ タイガ,静岡,119,A1,
015532,石田 拓真,イシダ タクマ,愛知,119,A1,
015533,岩城 佑典,イワキ ユウスケ,愛知,119,A2,
015534,牛田 樹希斗,ウシダ ジュキト,愛知,119,A2,
015535,佐藤 竜太,サトウ リュウタ,愛知,119,A1,
015536,疋田 力也,ヒキタ リキヤ,愛知,119,A1,
015538,村瀬 大和,ムラセ ヤマト,岐阜,119,A2,
015542,中嶋 樹,ナカジマ イツキ,大阪,119,A3,
015544,大槇 大介,オオマキ ダイスケ,岡山,119,A1,
015545,橋本 凌汰,ハシモト リョウタ,岡山,119,A1,
015547,米嶋 恵介,ヨネシマ ケイスケ,岡山,119,A1,
015548,白井 優太朗,シライ ユウタロウ,広島,119,A1,
015549,阿部 龍也,アベ リュウヤ,山口,119,A3,
015550,山崎 航,ヤマサキ ワタル,山口,119,A1,
015554,近藤 翔馬,コンドウ ショウマ,愛媛,119,A1,
015556,上野 恭哉,ウエノ キョウヤ,福岡,119,A2,
015557,梶原 大地,カジハラ ダイチ,福岡,119,A1,
015558,川野 深,カワノ シン,福岡,119,A1,
015559,神開 一輝,シンカイ カズキ,福岡,119,A1,
015560,林 昴,ハヤシ スバル,福岡,119,A1,
015561,原井 剣也,ハライ ケンヤ,福岡,119,A1,
015562,山本 浩成,ヤマモト ヒロアキ,福岡,119,A1,
015563,久保 光司,クボ コウジ,佐賀,119,A2,
015564,高橋 綜一郎,タカハシ ソウイチロウ,大分,119,A1,
015565,入江 航太,イリエ コウタ,熊本,119,A2,
015567,北川 大成,キタガワ タイセイ,熊本,119,A2,
015568,田川 翔琉,タガワ カケル,熊本,119,A1,
015569,谷口 力也,タニグチ リキヤ,熊本,119,A1,
015571,吉田 悟,ヨシダ サトル,熊本,119,A3,
015594,金田 涼馬,カネダ リョウマ,神奈川,119,A2,
015599,堀 航輝,ホリ コウキ,青森,121,A1,
015600,照井 力斗,テルイ リキト,岩手,121,A1,
015602,比佐 宝太,ヒサ ホウタ,福島,121,A1,
015603,小坂 丈,オサカ ジョウ,茨城,121,A2,
015606,近藤 圭佑,コンドウ ケイスケ,埼玉,121,A3,
015607,中山 拓人,ナカヤマ ヒロト,埼玉,121,A2,
015611,長谷川 飛向,ハセガワ ヒュウガ,東京,121,A1,
015617,添田 龍児,ソエダ リュウジ,神奈川,121,A1,
015618,高本 和也,タカモト カズヤ,神奈川,121,A1,
015621,長谷川 裕一,ハセガワ ユウイチ,愛知,121,A2,
015622,伊藤 温希,イトウ ハルキ,岐阜,121,A2,
015623,野崎 翼,ノザキ ツバサ,岐阜,121,A2,
015625,真鍋 顕汰,マナベ ケンタ,三重,121,A1,
015626,近谷 涼,チカタニ リョウ,富山,121,A1,
015627,南儀 拓海,ナンギ タクミ,富山,121,A1,
015632,常次 勇人,ツネツグ ハヤト,大阪,121,A1,
015633,中釜 健次,ナカガマ タツヒデ,大阪,121,A1,
015634,末廣 快理,スエヒロ カイリ,兵庫,121,A2,
015635,藤岡 徹也,フジオカ テツヤ,兵庫,121,A1,
015637,近藤 雄太,コンドウ ユウタ,岡山,121,A3,
015639,松下 綾馬,マツシタ リョウマ,岡山,121,A1,
015640,矢部 駿人,ヤベ ハヤト,岡山,121,A1,
015642,眞砂 英作,マサゴ エイサク,香川,121,A2,
015644,中野 光太郎,ナカノ コウタロウ,徳島,121,A1,
015650,田代 匠,タシロ タクミ,福岡,121,A2,
015652,橋本 陸,ハシモト リク,福岡,121,A1,
015655,一丸 尚伍,イチマル ショウゴ,大分,121,A1,
015657,高橋 優斗,タカハシ ユウト,大分,121,A1,
015658,長松 大祐,ナガマツ ダイスケ,大分,121,A2,
015659,池田 伍功羽,イケダ ゴクウ,熊本,121,A2,
015662,中山 遼太郎,ナカヤマ リョウタロウ,熊本,121,A2,
015664,米村 光星,ヨネムラ コウセイ,熊本,121,A2,
015665,福田 要,フクダ カナメ,宮崎,121,A2,
015685,小笠原 一真,オガサワラ カズマ,青森,123,A1,
015688,佐々木 祐太,ササキ ユウタ,岩手,123,A1,
015689,菊地 圭,キクチ ケイ,宮城,123,A1,
015691,岡部 伶音,オカベ レオ,福島,123,A1,
015693,松田 昂己,マツダ コウキ,茨城,123,A2,
015698,佐藤 譲士郎,サトウ ジョウシロウ,埼玉,123,A3,
015699,助川 翔太郎,スケガワ ショウタロウ,埼玉,123,A1,
015700,吉田 晏生,ヨシダ ハルキ,埼玉,123,A1,
015701,石田 典大,イシダ テンダイ,東京,123,A1,
015704,坪内 恒,ツボウチ コウ,千葉,123,A1,
015705,鳥海 創,トリウミ ソウ,千葉,123,A2,
015707,池邉 聖,イケベ セイ,神奈川,123,A1,
015708,山口 直樹,ヤマグチ ナオキ,神奈川,123,A3,
015709,神尾 敬冬,カミオ ケイト,静岡,123,A1,
015710,鈴木 康平,スズキ コウヘイ,静岡,123,A3,
015712,松本 京太,マツモト キョウタ,静岡,123,A1,
015714,望月 嘉人,モチヅキ ヨシト,静岡,123,A3,
015719,出口 謙一郎,デグチ ケンイチロウ,岐阜,123,A1,
015720,山元 大夢,ヤマモト ヒロム,石川,123,A3,
015721,内山 慧大,ウチヤマ ケイタ,福井,123,A1,
015722,竹澤 雅也,タケザワ マサヤ,福井,123,A2,
015726,龍野 琳太郎,タツノ リンタロウ,岡山,123,A1,
015732,宮道 良輔,ミヤミチ リョウスケ,徳島,123,A3,
015734,岡崎 陸登,オカザキ リクト,愛媛,123,A1,
015735,岡本 翔,オカモト ショウ,愛媛,123,A2,
015736,中岡 海,ナカオカ カイ,愛媛,123,A2,
015737,火島 裕輝,ヒジマ ユウキ,愛媛,123,A1,
015739,楠本 政明,クスモト マサアキ,福岡,123,A3,
015740,櫻木 雄太,サクラギ ユウタ,福岡,123,A1,
015741,堀川 敬太郎,ホリカワ ケイタロウ,福岡,123,A1,
015742,堀越 翔己,ホリコシ ショウキ,福岡,123,A2,
015743,丸林 駿太,マルバヤシ シュンタ,福岡,123,A2,
015746,峯口 司,ミネグチ ツカサ,長崎,123,A2,
015748,田中 会心,タナカ カイシン,熊本,123,A1,
015750,徳永 泰粋,トクナガ タイキ,熊本,123,A1,
015751,半田 誠,ハンダ マコト,熊本,123,A1,
015752,石川 航大,イシカワ コウダイ,宮崎,123,A1,
015753,枝村 弘樹,エダムラ ヒロキ,宮崎,123,A1,
015754,成海 大聖,ナルミ タイセイ,大分,123,A2,
015780,小田 恭介,オダ キョウスケ,青森,125,A1,
015781,齊藤 英伊須,サイトウ エイス,青森,125,A1,
015783,吉田 優斗,ヨシダ ユウト,岩手,125,A1,
015785,福田 健太,フクダ ケンタ,宮城,125,A1,
015788,平根 優大,ヒラネ ユウダイ,福島,125,A2,
015790,藤田 祐大,フジタ ユウタ,茨城,125,A1,
015791,岡部 陸斗,オカベ リクト,栃木,125,A1,
015792,貝原 涼太,カイハラ リョウタ,栃木,125,A1,
015795,今井 希,イマイ ノゾミ,埼玉,125,A1,
015796,川田 真也,カワダ シンヤ,埼玉,125,A1,
015797,中島 淳,ナカジマ ジュン,埼玉,125,A2,
015798,橋谷 成海,ハシヤ ナルミ,埼玉,125,A1,
015800,川越 宏臣,カワゴエ ヒロオミ,東京,125,A2,
015801,織茂 雄一郎,オリモ ユウイチロウ,山梨,125,A3,
015803,西村 剛,ニシムラ タケシ,新潟,125,A1,
015805,山下 祐輔,ヤマシタ ユウスケ,千葉,125,A1,
015806,山本 天平,ヤマモト テンペイ,千葉,125,A2,
015809,高野 信元,タカノ シンゲン,愛知,125,A1,
015810,瀧川 幸広,タキカワ ユキヒロ,愛知,125,A2,
015811,水谷 亮太,ミズタニ リョウタ,愛知,125,A2,
015812,森崎 英登,モリサキ ヒデト,愛知,125,A1,
015813,山本 和虎,ヤマモト カズトラ,愛知,125,A2,
015817,梅澤 忠秀,ウメザワ タダヒデ,三重,125,A1,
015819,弓矢 輪太郎,ユミヤ リンタロウ,三重,125,A1,
015820,岩元 叶馬,イワモト キョウマ,富山,125,A1,
015821,志田 愛希飛,シダ アキト,富山,125,A1,
015824,中嶋 響,ナカジマ ヒビキ,大阪,125,A3,
015827,藤原 夏志,フジワラ ナツシ,大阪,125,A2,
015828,秋末 蓮,アキスエ レン,兵庫,125,A2,
015829,油谷 蒼,アブタニ ソウ,兵庫,125,A2,
015830,細中 翔太,ホソナカ ショウタ,岡山,125,A1,
015831,三木 健正,ミキ タケマサ,岡山,125,A1,
015833,野村 賢,ノムラ ケン,山口,125,A1,
015834,原田 峻治,ハラダ シュンジ,山口,125,A2,
015835,藤井 優希,フジイ ユウキ,山口,125,A1,
015838,森 柾斗,モリ マサト,徳島,125,A2,
015839,船山 真生,フナヤマ マサキ,愛媛,125,A1,
015841,中西 勇,ナカニシ ユウ,福岡,125,A3,
015843,松本 昂大,マツモト コウダイ,長崎,125,A1,
015844,小山 峻汰,オヤマ シュンタ,熊本,125,A2,
015845,稲留 敦貴,イナドメ アツキ,鹿児島,125,A2,
015846,入田 龍馬,イリタ リュウマ,鹿児島,125,A3,
015847,寺師 幸成,テラシ コウセイ,鹿児島,125,A1,
015848,與古田 龍門,ヨコタ リュウト,沖縄,125,A3,
015869,杉浦 颯太,スギウラ ハヤタ,北海道,127,A2,A2
015870,畑崎 大輝,ハタザキ ダイキ,青森,127,A2,
015871,三浦 生誠,ミウラ キアキ,岩手,127,A2,
015872,池田 充槻,イケダ ミツキ,秋田,127,A2,
015873,十文字 悠真,ジュウモンジ ユウマ,福島,127,A3,
015874,角田 吏,ツノダ ツカサ,福島,127,A3,
015875,邊見 竜馬,ヘンミ リュウマ,福島,127,A2,A2
015876,三神 遼矢,ミカミ リョウヤ,福島,127,A2,A2
015877,三澤 優樹,ミサワ ユウキ,福島,127,A2,A2
015878,椎名 俊介,シイナ シュンスケ,茨城,127,A2,A2
015879,西本 健三郎,ニシモト ケンザブロウ,茨城,127,A2,A2
015880,吉岡 優太,ヨシオカ ユウタ,茨城,127,A2,A2
015881,関口 朗斗,セキグチ アキト,群馬,127,A3,
015882,木村 優駿,キムラ ユウシュン,埼玉,127,A2,
015883,吉田 夢希斗,ヨシダ ユキト,埼玉,127,A2,
015884,秋山 太洋,アキヤマ タイヨウ,東京,127,A3,
015885,五輪 拓巳,ゴワ タクミ,東京,127,A2,
015886,中川 飛隆,ナカガワ ヒダカ,新潟,127,A3,
015887,星野 京旺,ホシノ キョウ,新潟,127,A3,
015888,水澤 秀哉,ミズサワ ヒデヤ,千葉,127,A2,
015889,大本 隆也,オオモト リュウヤ,神奈川,127,A3,
015890,中 秀平,ナカ シュウヘイ,神奈川,127,A3,
015892,山本 和瑳,ヤマモト カズサ,神奈川,127,A2,
015893,岩辺 陸,イワナベ リク,静岡,127,A2,A2
015894,大塚 城,オオツカ ジョウ,静岡,127,A2,A2
015895,鈴木 小次廊,スズキ コジロウ,静岡,127,A2,
015897,森 飛龍,モリ ヒリュウ,静岡,127,A2,
015898,岩原 健馬,イワハラ ケンマ,愛知,127,A2,
015899,加藤 駿,カトウ シュン,愛知,127,A2,
015900,花田 雄飛,ハナダ ユウヒ,愛知,127,A3,
015901,真木 寛斗,マキ カント,愛知,127,A2,A2
015902,安達 光伸,アダチ コウシン,岐阜,127,A2,A2
015903,谷澤 優貴,タニザワ ユウキ,三重,127,A2,A2
015904,辻田 祥大,ツジタ ショウタ,三重,127,A2,
015905,上野 幸星,ウエノ コウセイ,富山,127,A3,
015906,林 佳宗依,ハヤシ カムイ,富山,127,A2,
015907,上杉 有弘,ウエスギ トモヒロ,福井,127,A2,
015908,川村 峻輝,カワムラ シュンキ,京都,127,A2,A2
015909,馬越 裕之,ウマコシ ヒロユキ,奈良,127,A2,A2
015910,土生 智徳,ハブ トモノリ,大阪,127,A2,
015911,松田 安綱,マツダ ヤスツナ,大阪,127,A2,
015912,安達 豪太,アダチ ゴウタ,兵庫,127,A3,
015913,一守 大葵,イチモリ タイキ,兵庫,127,A2,
015914,西森 一稀,ニシモリ イッキ,兵庫,127,A2,A2
015915,柏野 健吾,カシノ ケンゴ,岡山,127,A2,
015916,小西 涼太,コニシ リョウタ,岡山,127,A2,
015918,土井 慎二,ドイ シンジ,岡山,127,A2,
015919,藤田 楓,フジタ カエデ,岡山,127,A2,
015920,吉野 太晟,ヨシノ タイセイ,岡山,127,A2,A2
015921,伊藤 涼介,イトウ リョウスケ,広島,127,A2,
015922,中田 拓也,ナカタ タクヤ,広島,127,A2,
015923,右近 陸人,ウコン リクト,山口,127,A3,
015924,利川 寛太,トシカワ カンタ,山口,127,A2,
015925,川西 康彦,カワニシ ヤスヒコ,徳島,127,A2,
015926,諸隈 健太郎,モロクマ ケンタロウ,高知,127,A2,
015927,長野 魅切,ナガノ ミギリ,愛媛,127,A1,
015928,尾野 翔一,オノ ショウイチ,福岡,127,A1,
015929,鶴 淳志,ツル アツシ,福岡,127,A2,
015930,野津 宏介,ノヅ コウスケ,福岡,127,A2,A2
015931,山口 留稀哉,ヤマグチ ルキヤ,長崎,127,A2,A2
015932,生野 優翔,ショウノ ユウト,大分,127,A2,
015933,山本 康旗,ヤマモト コウキ,大分,127,A2,
015934,吉田 航,ヨシダ ワタル,大分,127,A2,
015935,佐藤 魁皇,サトウ カイオウ,熊本,127,A3,
015936,下山 聖斗,サガヤマ アキト,鹿児島,127,A3,
015937,新垣 慶晃,アラカキ チカテル,沖縄,127,A2,
015958,庄子 琢心,ショウジ タクミ,宮城,129,A3,A3
015959,中野 楚樂,ナカノ チュール,宮城,129,A3,A3
015960,阿部 蒼大,アベ ソウタ,秋田,129,A3,A3
015961,榊枝 天旺,サカキエダ テオ,福島,129,A3,A3
015962,福田 悠航,フクダ ユウコウ,福島,129,A3,A3
015963,福地 晶,フクチ ヒカル,福島,129,A3,A3
015964,柳沼 鼓太朗,ヤギヌマ コタロウ,福島,129,A3,A3
015965,篠原 輝利,シノハラ キリ,茨城,129,A3,A3
015966,近内 三孝,コンナイ ミツノリ,栃木,129,A3,A3
015967,田崎 隼翔,タサキ ハヤト,栃木,129,A3,A3
015968,渡邉 拓,ワタナベ タク,栃木,129,A3,A3
015969,北村 翔太,キタムラ ショウタ,群馬,129,A3,A3
015970,田沼 龍弥,タヌマ リュウヤ,群馬,129,A3,A3
015971,阿部 凪汰,アベ ナギタ,埼玉,129,A3,A3
015972,佐藤 凱王,サトウ トキタカ,埼玉,129,A3,A3
015973,長川 達哉,ナガカワ タツヤ,埼玉,129,A3,A3
015974,山下 季秦,ヤマシタ キシン,埼玉,129,A3,A3
015975,小笠原 匠海,オガサワラ タクミ,東京,129,A3,A3
015976,勝沼 遼,カツヌマ リョウ,東京,129,A3,A3
015977,齊藤 宏樹,サイトウ コウキ,東京,129,A3,A3
015978,中西 将太郎,ナカニシ ショウタロウ,東京,129,A3,A3
015979,福田 海響,フクダ ウキョウ,東京,129,A3,A3
015980,吉川 敬介,ヨシカワ ケイスケ,東京,129,A3,A3
015981,小川 佑希也,オガワ ユキヤ,千葉,129,A3,A3
015982,中村 嶺央,ナカムラ レオ,千葉,129,A3,A3
015983,大村 涼兼,オオムラ リョウケン,神奈川,129,A3,A3
015984,藤岡 祐馬,フジオカ ユウマ,神奈川,129,A3,A3
015985,山本 真,ヤマモト マコト,神奈川,129,A3,A3
015986,鈴木 那樹,スズキ ナギ,静岡,129,A3,A3
015987,松田 祥位,マツダ ショウイ,静岡,129,A3,A3
015988,鴨下 佳朋,カモシタ ヨシトモ,愛知,129,A3,A3
015989,松木 一将,マツキ カズマサ,愛知,129,A3,A3
015990,児玉 東次郎,コダマ トウジロウ,岐阜,129,A3,A3
015991,坂井 央雅,サカイ オウガ,岐阜,129,A3,A3
015992,永田 吏玖,ナガタ リク,岐阜,129,A3,A3
015993,西澤 優聖,ニシザワ マサト,岐阜,129,A3,A3
015994,林 欣司,ハヤシ キンジ,岐阜,129,A3,A3
015995,伊藤 京介,イトウ キョウスケ,三重,129,A2,A2
015996,白井 輝,シライ テル,石川,129,A3,A3
015997,片岡 遼真,カタオカ リョウマ,福井,129,A3,A3
015998,木曽田 晃大,キソダ コウタ,京都,129,A3,A3
015999,冨倉 巧,トミクラ タクミ,京都,129,A3,A3
016000,北宅 柊麻,キタヤ トウマ,大阪,129,A3,A3
016001,高橋 奏多,タカハシ カナタ,大阪,129,A3,A3
016002,宮田 龍一,ミヤタ リュウイチ,大阪,129,A3,A3
016003,吉岡 竜太,ヨシオカ リュウタ,広島,129,A3,A3
016004,松本 悠平,マツモト ユウヘイ,高知,129,A3,A3
016005,清家 大夢,セイケ ヒロム,愛媛,129,A3,A3
016006,高橋 聖太,タカハシ ショウタ,愛媛,129,A3,A3
016007,渡邊 諒馬,ワタナベ リョウマ,愛媛,129,A3,A3
016008,久保田 智之,クボタ トモユキ,福岡,129,A3,A3
016009,兒島 直樹,コジマ ナオキ,福岡,129,A3,A3
016010,駒壽 直人,コマジュ ナオト,福岡,129,A3,A3
016011,鶴 健志,ツル タケシ,福岡,129,A3,A3
016012,藤井 凜太郎,フジイ リンタロウ,福岡,129,A3,A3
016013,森下 龍之介,モリシタ リュウノスケ,福岡,129,A3,A3
016014,森田 瑞基,モリタ ミズキ,福岡,129,A3,A3
016015,横溝 貫太,ヨコミゾ カンタ,福岡,129,A3,A3
016016,西原 裕太郎,ニシハラ ユウタロウ,佐賀,129,A3,A3
016017,白濱 蓮,シラハマ レン,長崎,129,A3,A3
016018,田中 衛太,タナカ エイタ,長崎,129,A3,A3
016019,沢田 桂太郎,サワダ ケイタロウ,大分,129,A3,A3
016020,飯田 怜治,イイダ レイジ,熊本,129,A3,A3
016021,財満 伊織,ザイマ イオリ,熊本,129,A3,A3
016022,半田 莉都,ハンダ リイチ,熊本,129,A3,A3
016023,滿田 光紀,ミツダ コウキ,熊本,129,A3,A3
016024,宮本 寛大,ミヤモト カンタ,熊本,129,A3,A3
016025,高佐 龍太郎,コウサ リュウタロウ,宮崎,129,A3,A3
