reg_no,name,kyuhn_now,kyuhn_before,kyuhn_before2,kyuhn_next,konki,zenki,m4,konki_kido,zenki_kido,retire,grad_period,fetched
011142,小林 宏年,A3,A3,A3,,67.56,67.941,67.588,2026-3,2026-1,0,55,2026-09-27
011198,大竹 慎吾,A3,A2,A3,,65,77.857,68.8,2026-3,2026-1,0,55,2026-09-27
011288,中澤 孝之,A3,A3,A2,,67.062,72.666,67.062,2026-3,2026-1,0,56,2026-09-27
011328,川添 輝彦,A3,A3,A3,,65.666,67.111,67.722,2026-3,2026-1,0,56,2026-09-27
011341,黒崎 直行,A3,A2,A2,,71.333,79.108,73.533,2026-3,2026-1,0,57,2026-09-27
011346,野崎 修一,A3,A3,A3,,65.809,68.046,66.8,2026-3,2026-1,0,57,2026-09-27
011364,遠澤 健二,A3,A3,A3,,66.809,68.76,66.481,2026-3,2026-1,0,57,2026-09-27
011367,石川 一浩,A3,A3,A3,,68.958,68.551,68.6,2026-3,2026-1,0,57,2026-09-27
011382,清水 広幸,A3,A3,A2,,62.692,62.439,62.628,2026-3,2026-1,0,57,2026-09-27
011427,川口 秀人,A3,A2,A2,,66.692,79.578,66.782,2026-3,2026-1,0,57,2026-09-27
011431,梶應 弘樹,A3,A3,A2,,62.538,61.731,62.277,2026-3,2026-1,0,57,2026-09-27
011451,重 一徳,A3,A3,A3,,67.375,68.324,67.533,2026-3,2026-1,0,57,2026-09-27
011599,和泉田 喜一,A3,A3,A3,,64.333,67.551,64.333,2026-3,2026-1,0,59,2026-09-27
011665,倉岡 慎太郎,A3,A3,A3,,67.916,69.34,68.407,2026-3,2026-1,0,59,2026-09-27
011712,金田 健一郎,A3,A2,A2,,69.809,78.5,71.555,2026-3,2026-1,0,60,2026-09-27
011715,黒木 誠一,A3,A3,A3,,68.133,69.259,69.458,2026-3,2026-1,0,60,2026-09-27
011790,廣川 貞治,A3,A3,A3,,66,68.589,67.333,2026-3,2026-1,0,61,2026-09-27
011792,木下 章,A3,A3,A3,,68.125,67.863,67.866,2026-3,2026-1,0,61,2026-09-27
011803,植田 誠,A3,A3,A3,,68.625,67.152,67.909,2026-3,2026-1,0,61,2026-09-27
011821,中川 博文,A3,A3,A3,,68.944,66.458,67.74,2026-3,2026-1,0,61,2026-09-27
011990,茂木 和臣,A3,A3,A3,,68.043,72.116,69.1,2026-3,2026-1,0,63,2026-09-27
011994,藤光 健一,A3,A3,A3,,66,69.45,69.375,2026-3,2026-1,0,63,2026-09-27
012005,藤田 和彦,A3,A3,A3,,69.16,68.903,68.781,2026-3,2026-1,0,63,2026-09-27
012157,竹野 行登,A3,A3,A3,,69,68.884,68.629,2026-3,2026-1,0,64,2026-09-27
012197,奥山 雅士,A3,A3,A2,,66.769,70.233,66,2026-3,2026-1,0,65,2026-09-27
012206,白井 一機,A3,A2,A2,,67.722,77,69.142,2026-3,2026-1,0,65,2026-09-27
012277,井上 典善,A3,A3,A3,,64,66,64.333,2026-3,2026-1,0,66,2026-09-27
012290,小西 芳樹,A3,A3,A3,,65.466,70.033,65.466,2026-3,2026-1,0,66,2026-09-27
012299,増成 富夫,A3,A3,A3,,68.304,70.333,68.937,2026-3,2026-1,0,66,2026-09-27
012307,尾崎 勝弘,A3,A3,A3,,69.21,67.512,69.473,2026-3,2026-1,0,66,2026-09-27
012319,高尾 剛文,A3,A3,A3,,69.173,67.921,68.75,2026-3,2026-1,0,66,2026-09-27
012329,松尾 正人,A3,A3,A3,,67.312,65.525,67.08,2026-3,2026-1,0,66,2026-09-27
012348,飯田 威文,A3,A3,A3,,69.52,69.722,69.823,2026-3,2026-1,0,67,2026-09-27
012383,田村 光昭,A3,A3,A3,,69.6,69.644,69.625,2026-3,2026-1,0,67,2026-09-27
012402,時松 正,A3,A3,A3,,69.166,69.704,69,2026-3,2026-1,0,67,2026-09-27
012406,濱田 昭一郎,A3,A3,A3,,67.31,68.479,68.628,2026-3,2026-1,0,67,2026-09-27
012496,中村 淳,A3,A3,A2,,69.5,71.773,70.636,2026-3,2026-1,0,69,2026-09-27
012507,爲田 学,A3,A2,A3,,69.791,78.571,71.9,2026-3,2026-1,0,69,2026-09-27
012509,岡嵜 浩一,A3,A3,A3,,67.7,65.525,68.187,2026-3,2026-1,0,69,2026-09-27
012512,眞原 健一,A3,A3,A2,,68.333,70,68.291,2026-3,2026-1,0,69,2026-09-27
012530,池上 孝之,A3,A3,A3,,68.55,67.847,68.75,2026-3,2026-1,0,69,2026-09-27
012537,取鳥 敬一,A3,A3,A3,,67.095,65.227,66.083,2026-3,2026-1,0,69,2026-09-27
012547,横瀬 聡,A3,A3,A3,,68.19,67.641,68.766,2026-3,2026-1,0,69,2026-09-27
012556,落合 豊,A3,A3,A3,,63.833,69.043,63.833,2026-3,2026-1,0,69,2026-09-27
012559,相良 勝美,A3,A3,A3,,68,68.555,67.333,2026-3,2026-1,0,70,2026-09-27
012597,塚本 貴雄,A3,A3,A3,,69.608,72.571,70.086,2026-3,2026-1,0,70,2026-09-27
012618,武智 尚之,A3,A3,A3,,67.055,67.774,67,2026-3,2026-1,0,70,2026-09-27
012626,原 司,A3,A3,A3,,68.037,65.117,68.451,2026-3,2026-1,0,70,2026-09-27
012671,滝川 秀嗣,A3,A3,A3,,68.272,67.375,67.684,2026-3,2026-1,0,71,2026-09-27
012694,志村 達也,A3,A3,A3,,67.25,69.282,67.653,2026-3,2026-1,0,71,2026-09-27
012725,浦山 一栄,A3,A3,A3,,71.476,69.274,72.366,2026-3,2026-1,0,72,2026-09-27
012753,柳澤 達也,A3,A3,A3,,68.333,66.902,68.125,2026-3,2026-1,0,72,2026-09-27
012754,小野 祐作,A3,A3,A3,,67.764,67.125,67.047,2026-3,2026-1,0,72,2026-09-27
012783,平澤 秀信,A3,A3,A3,,69.733,66.617,68.888,2026-3,2026-1,0,73,2026-09-27
012847,古閑 良介,A3,A3,A3,,68.666,70.054,69.666,2026-3,2026-1,0,73,2026-09-27
012858,亀井 宏佳,A3,A2,A3,,68.083,79.375,69.37,2026-3,2026-1,0,74,2026-09-27
012883,大沼 孝行,A3,A3,A3,,68.571,69.761,69.133,2026-3,2026-1,0,74,2026-09-27
012885,田中 智也,A3,A3,A3,,68.529,69.058,68.75,2026-3,2026-1,0,74,2026-09-27
012906,太田 良政,A3,A3,A3,,65.133,68.045,65.187,2026-3,2026-1,0,74,2026-09-27
012913,増田 鉄男,A3,A3,A2,,64.727,74.217,64.727,2026-3,2026-1,0,74,2026-09-27
012930,浦崎 貴史,A3,A3,A2,,69.888,73.947,70.238,2026-3,2026-1,0,75,2026-09-27
012934,煤賀 隆幸,A3,A3,A2,,67.846,68.636,67.105,2026-3,2026-1,0,75,2026-09-27
012938,鈴木 規純,A3,A3,A3,,69.714,69.041,68.862,2026-3,2026-1,0,75,2026-09-27
012970,山内 大作,A3,A3,A3,,64.323,64.948,64.204,2026-3,2026-1,0,75,2026-09-27
012976,中井 修,A3,A3,A3,,71.833,71.652,71.111,2026-3,2026-1,0,75,2026-09-27
012982,上原 直樹,A3,A3,A3,,67.666,70.73,68.703,2026-3,2026-1,0,75,2026-09-27
012986,近藤 直幹,A3,A3,A3,,65.291,70.428,66.117,2026-3,2026-1,0,75,2026-09-27
012997,後田 康成,A3,A3,A3,,69.047,70.707,69.75,2026-3,2026-1,0,75,2026-09-27
013023,吉田 英二,A3,A3,A3,,68.931,67.529,68.542,2026-3,2026-1,0,76,2026-09-27
013027,戸ノ下 太郎,A3,A3,A3,,68.208,68.191,68.333,2026-3,2026-1,0,76,2026-09-27
013029,藤田 晃英,A3,A3,A3,,68.37,67.215,68,2026-3,2026-1,0,76,2026-09-27
013030,梶山 大輔,A3,A3,A3,,67.555,68.315,66.916,2026-3,2026-1,0,76,2026-09-27
013037,町田 勝志,A3,A3,A3,,66.6,68.92,66.6,2026-3,2026-1,0,76,2026-09-27
013040,服部 竜二,A3,A3,A2,,62.75,70.157,66.545,2026-3,2026-1,0,76,2026-09-27
013061,小磯 知也,A3,A2,A2,,69.791,79.09,71.6,2026-3,2026-1,0,76,2026-09-27
013062,藤原 義浩,A3,A3,A3,,65.764,66.647,65.818,2026-3,2026-1,0,76,2026-09-27
013080,阿部 利光,A3,A3,A3,,71.185,68.212,71.212,2026-3,2026-1,0,77,2026-09-27
013082,小泉 俊也,A3,A3,A3,,71.55,69.923,71.413,2026-3,2026-1,0,77,2026-09-27
013105,松本 一成,A3,A3,A3,,68.366,68.1,67.916,2026-3,2026-1,0,77,2026-09-27
013109,志村 正洋,A3,A3,A3,,69.4,70.153,70.531,2026-3,2026-1,0,77,2026-09-27
013128,梶原 秀庸,A3,A3,A3,,69.846,69.236,70.562,2026-3,2026-1,0,77,2026-09-27
013161,齋藤 和也,A3,A3,A3,,68.344,68.567,68.709,2026-3,2026-1,0,78,2026-09-27
013184,相樂 修,A3,A2,A3,,68.1,80.562,69.583,2026-3,2026-1,0,78,2026-09-27
013212,岡田 浩太,A3,A3,A3,,66.909,67.161,66.368,2026-3,2026-1,0,78,2026-09-27
013217,佐々木 英之,A3,A3,A3,,68,70,69.125,2026-3,2026-1,0,78,2026-09-27
013232,柳 充,A3,A2,A2,,70.25,79.238,73.68,2026-3,2026-1,0,79,2026-09-27
013244,小林 高志,A3,A3,A3,,67.296,67.744,68.433,2026-3,2026-1,0,79,2026-09-27
013261,柴田 昌樹,A3,A3,A3,,69.592,68.038,69.277,2026-3,2026-1,0,79,2026-09-27
013266,伊藤 嘉浩,A3,A3,A3,,68.36,67.673,69.294,2026-3,2026-1,0,79,2026-09-27
013272,古田 義明,A3,A3,A3,,67.478,68.125,67.103,2026-3,2026-1,0,79,2026-09-27
013303,須々田 大昇,A3,A3,A3,,69.277,68.676,70.388,2026-3,2026-1,0,80,2026-09-27
013320,村上 順規,A3,A3,A3,,65.941,67.894,66.826,2026-3,2026-1,0,80,2026-09-27
013324,市川 博章,A3,A3,A3,,69.166,70.261,68.875,2026-3,2026-1,0,80,2026-09-27
013327,高橋 健太,A3,A2,A2,,69.2,82.488,78.666,2026-3,2026-1,0,80,2026-09-27
013402,沼川 夢久,A3,A3,A3,,70.352,67.928,69.461,2026-3,2026-1,0,81,2026-09-27
013415,山崎 明寛,A3,A3,A3,,67.833,68,68.09,2026-3,2026-1,0,81,2026-09-27
013446,丸林 一孝,A3,A3,A2,,69.521,72.4,69.375,2026-3,2026-1,0,81,2026-09-27
013452,齊藤 紳一朗,A3,A2,A3,,69.214,76.809,72.521,2026-3,2026-1,0,82,2026-09-27
013454,関戸 努,A3,A3,A3,,66.266,66.743,66.277,2026-3,2026-1,0,82,2026-09-27
013470,畠山 裕行,A3,A3,A3,,68.631,66.909,68.454,2026-3,2026-1,0,82,2026-09-27
013492,坂本 智哉,A3,A3,A2,,67.571,66,68.6,2026-3,2026-1,0,82,2026-09-27
013505,住村 実,A3,A3,A3,,68.086,70.187,68.666,2026-3,2026-1,0,82,2026-09-27
013508,曽我部 匡史,A3,A3,A3,,68.75,72.466,70.944,2026-3,2026-1,0,82,2026-09-27
013513,南 和夫,A3,A3,A3,,65.814,66.79,65.787,2026-3,2026-1,0,82,2026-09-27
013525,亀井 道佳,A3,A3,A3,,67.826,71.222,69.312,2026-3,2026-1,0,83,2026-09-27
013531,伊藤 司,A3,A3,A3,,64.5,66.654,65.205,2026-3,2026-1,0,83,2026-09-27
013541,高森 圭介,A3,A3,A3,,68.285,67.913,68.555,2026-3,2026-1,0,83,2026-09-27
013567,吉原 友彦,A3,A3,A2,,66.4,71.068,66.4,2026-3,2026-1,0,83,2026-09-27
013588,齋藤 仁,A3,A3,A3,,69.269,66.943,67.428,2026-3,2026-1,0,83,2026-09-27
013591,山本 宏明,A3,A3,A3,,66.166,68.076,66.166,2026-3,2026-1,0,83,2026-09-27
013647,光畑 政志,A3,A2,A2,,69.238,77.804,71.625,2026-3,2026-1,0,84,2026-09-27
013651,井山 和裕,A3,A3,A3,,66.533,70.884,67.333,2026-3,2026-1,0,84,2026-09-27
013663,中野 功史,A3,A2,A3,,70.187,76.75,72.4,2026-3,2026-1,0,84,2026-09-27
013678,菊池 崇訓,A3,A3,A3,,67.166,67.288,67.086,2026-3,2026-1,0,85,2026-09-27
013684,吉橋 秀城,A3,A3,A3,,68.944,69.407,68.25,2026-3,2026-1,0,85,2026-09-27
013692,佐野 多喜男,A3,A3,A3,,69.5,67.477,69.387,2026-3,2026-1,0,85,2026-09-27
013713,丸山 勝也,A3,A3,A3,,68.333,68.161,68.333,2026-3,2026-1,0,85,2026-09-27
013728,伊狩 知人,A3,A3,A3,,69.727,70.142,70.785,2026-3,2026-1,0,85,2026-09-27
013776,小塚 潤,A3,A3,A3,,69,70.018,69.88,2026-3,2026-1,0,86,2026-09-27
013781,服部 正継,A3,A3,A3,,68.647,66.342,68.5,2026-3,2026-1,0,86,2026-09-27
013788,白崎 芳典,A3,A3,A3,,67.277,70.571,67.625,2026-3,2026-1,0,86,2026-09-27
013794,川西 亮介,A3,A3,A2,,67.09,68.102,66.571,2026-3,2026-1,0,86,2026-09-27
013818,赤星 俊光,A3,A3,A3,,65.826,67.217,65.965,2026-3,2026-1,0,86,2026-09-27
013830,田崎 良太郎,A3,A3,A3,,68.5,71.974,68.923,2026-3,2026-1,0,87,2026-09-27
013840,高瀬 卓,A3,A3,A3,,64.6,67.5,64.6,2026-3,2026-1,0,87,2026-09-27
013847,小林 大能,A3,A3,A2,,64.812,68.316,66.64,2026-3,2026-1,0,87,2026-09-27
013861,岡田 大門,A3,A3,A3,,68.23,68.444,68.593,2026-3,2026-1,0,87,2026-09-27
013867,樋口 奨平,A3,A3,A3,,68.611,69.129,67.315,2026-3,2026-1,0,87,2026-09-27
013927,高橋 由記,A3,A3,A3,,68.823,68.372,68.521,2026-3,2026-1,0,88,2026-09-27
013972,富永 昌久,A3,A3,A3,,68.923,67.76,68.593,2026-3,2026-1,0,88,2026-09-27
014006,青木 亮太,A3,A3,A3,,67.8,69.566,68.37,2026-3,2026-1,0,89,2026-09-27
014010,長谷川 辰徳,A3,A3,A3,,66.347,67.525,68,2026-3,2026-1,0,89,2026-09-27
014014,須藤 雄太,A3,A2,A2,,67.428,76.25,71.384,2026-3,2026-1,0,89,2026-09-27
014015,米倉 剛志,A3,A3,A3,,69.043,68.258,69.739,2026-3,2026-1,0,89,2026-09-27
014019,長崎 達也,A3,A3,A3,,67,70.142,68.225,2026-3,2026-1,0,89,2026-09-27
014042,徳吉 正治,A3,A3,A3,,69.416,70.431,69.766,2026-3,2026-1,0,89,2026-09-27
014069,渡邊 政幸,A3,A2,A2,,69.5,79.318,71.464,2026-3,2026-1,0,90,2026-09-27
014099,坂本 佳憲,A3,A3,A3,,67.523,70.25,68.407,2026-3,2026-1,0,90,2026-09-27
014101,永橋 武司,A3,A3,A3,,68.777,67.891,67.888,2026-3,2026-1,0,90,2026-09-27
014128,嶋貫 高大,A3,A3,A3,,66,68.968,66,2026-3,2026-1,0,91,2026-09-27
014154,長岡 豪,A3,A3,A3,,67.764,67.735,68.115,2026-3,2026-1,0,91,2026-09-27
014179,肥後 公允,A3,A3,A1,,69.181,65.361,67.6,2026-3,2026-1,0,91,2026-09-27
014183,隅田 幸助,A3,A3,A3,,70.142,66.478,69.055,2026-3,2026-1,0,91,2026-09-27
014209,加美山 隆行,A3,A3,A2,,67.25,70.441,67.258,2026-3,2026-1,0,92,2026-09-27
014213,岡田 哲夫,A3,A3,A3,,66.588,69.121,66.444,2026-3,2026-1,0,92,2026-09-27
014251,関谷 哲平,A3,A3,A3,,69.714,68.333,69.23,2026-3,2026-1,0,92,2026-09-27
014254,武田 和也,A3,A3,A3,,71.92,70.962,72.47,2026-3,2026-1,0,92,2026-09-27
014272,松田 直也,A3,A2,A2,,70.434,80.81,71.884,2026-3,2026-1,0,92,2026-09-27
014275,喜納 隆志,A3,A2,A2,,69,80.666,69.714,2026-3,2026-1,0,92,2026-09-27
014287,齋藤 昌太,A3,A3,A3,,69.32,70.145,68.928,2026-3,2026-1,0,93,2026-09-27
014289,羽石 国臣,A3,A3,A2,,68.736,69.125,68.928,2026-3,2026-1,0,93,2026-09-27
014295,山崎 寛巳,A3,A3,A2,,67.25,70.566,67.666,2026-3,2026-1,0,93,2026-09-27
014301,齋藤 輝彦,A3,A2,A3,,68.692,80.735,69.214,2026-3,2026-1,0,93,2026-09-27
014319,中野 彰人,A3,A2,A2,,68.666,81.357,77,2026-3,2026-1,0,93,2026-09-27
014357,佐藤 康恭,A3,A3,A3,,69.222,68.38,69.242,2026-3,2026-1,0,94,2026-09-27
014365,薮田 貴幸,A3,A3,A3,,66.142,70.478,67.4,2026-3,2026-1,0,94,2026-09-27
014373,鈴木 雄一朗,A3,A3,A3,,65.916,66.7,66.444,2026-3,2026-1,0,94,2026-09-27
014381,吉澤 賢,A3,A3,A3,,68.714,67.47,68.913,2026-3,2026-1,0,94,2026-09-27
014382,伊藤 翼,A3,A3,A3,,68.703,69.686,68.421,2026-3,2026-1,0,94,2026-09-27
014388,水野 悟志,A3,A3,A2,,69.8,69.044,69.793,2026-3,2026-1,0,94,2026-09-27
014395,竹田 慎一,A3,A3,A3,,67.916,67.363,67.461,2026-3,2026-1,0,94,2026-09-27
014407,森 佑樹,A3,A3,A3,,67.958,70.537,68.818,2026-3,2026-1,0,94,2026-09-27
014413,松本 充生,A3,A3,A3,,67.047,68.244,67.708,2026-3,2026-1,0,94,2026-09-27
014416,矢田 晋,A3,A3,A2,,66.666,67.622,66.387,2026-3,2026-1,0,94,2026-09-27
014424,大澤 哉太,A3,A3,A3,,68.347,71.368,68.857,2026-3,2026-1,0,95,2026-09-27
014429,千澤 大輔,A3,A3,A2,,68.285,66.549,68.533,2026-3,2026-1,0,95,2026-09-27
014433,長田 彰人,A3,A3,A3,,67.941,66.627,68.217,2026-3,2026-1,0,95,2026-09-27
014443,堀内 昇,A3,A3,A3,,67.555,70.568,68.259,2026-3,2026-1,0,95,2026-09-27
014446,菅藤 智,A3,A3,A3,,69.764,71.535,69.478,2026-3,2026-1,0,95,2026-09-27
014463,久保 将史,A3,A3,A2,,64.4,63.117,64,2026-3,2026-1,0,95,2026-09-27
014482,松本 琢也,A3,A3,A3,,67.8,67.433,67.807,2026-3,2026-1,0,95,2026-09-27
014483,竜門 孝宗,A3,A3,A3,,68.666,71.555,68.848,2026-3,2026-1,0,95,2026-09-27
014490,永田 隼一,A3,A3,A3,,67,69.327,68.125,2026-3,2026-1,0,95,2026-09-27
014496,天沼 雅貴,A3,A2,A3,,68.518,79,68.518,2026-3,2026-1,0,96,2026-09-27
014503,真船 拓磨,A3,A3,A3,,69.3,70.931,69.56,2026-3,2026-1,0,96,2026-09-27
014555,水木 裕聡,A3,A3,A3,,67.444,68.529,67.592,2026-3,2026-1,0,96,2026-09-27
014559,田山 誠,A3,A3,A3,,68.095,70.181,68.095,2026-3,2026-1,0,96,2026-09-27
014583,吉田 昌弘,A3,A3,A2,,73,71.838,73.4,2026-3,2026-1,0,97,2026-09-27
014589,西巻 秀太,A3,A2,A2,,71.333,78.489,72.714,2026-3,2026-1,0,97,2026-09-27
014595,瀧本 匡平,A3,A3,A3,,69.423,69.574,69.416,2026-3,2026-1,0,97,2026-09-27
014643,菅原 洋輔,A3,A3,A3,,69,68.673,68.8,2026-3,2026-1,0,98,2026-09-27
014650,佐藤 裕輝,A3,A3,A3,,65.5,67.812,66.38,2026-3,2026-1,0,98,2026-09-27
014652,原 清孝,A3,A2,A3,,70.375,77.619,72.818,2026-3,2026-1,0,98,2026-09-27
014662,櫻井 宏樹,A3,A3,A3,,69.875,70.641,70.09,2026-3,2026-1,0,98,2026-09-27
014667,藤本 龍也,A3,A3,A3,,71.055,66.382,70,2026-3,2026-1,0,98,2026-09-27
014678,樋口 有樹郎,A3,A3,A3,,70.3,68.203,69.743,2026-3,2026-1,0,98,2026-09-27
014693,高田 大輔,A3,A3,A3,,68.59,68.074,68.59,2026-3,2026-1,0,97,2026-09-27
014694,前島 恭平,A3,A3,A3,,65.681,67.734,66.161,2026-3,2026-1,0,98,2026-09-27
014697,相川 巧,A3,A3,A3,,67.5,68.611,67.685,2026-3,2026-1,0,98,2026-09-27
014719,佐川 拓也,A3,A3,A3,,68.642,68.36,68.642,2026-3,2026-1,0,99,2026-09-27
014772,細田 純平,A3,A3,A3,,71.346,70.725,70.843,2026-3,2026-1,0,99,2026-09-27
014777,竹村 達也,A3,A3,A3,,63.333,67.926,65.888,2026-3,2026-1,0,99,2026-09-27
014802,渡邉 正人,A3,A3,A3,,69.235,68.368,68.96,2026-3,2026-1,0,100,2026-09-27
014810,小川 辰徳,A3,A2,A3,,69.6,76.702,70.551,2026-3,2026-1,0,100,2026-09-27
014844,三登 誉哲,A3,A3,A3,,64.937,67.047,66.38,2026-3,2026-1,0,100,2026-09-27
014853,中山 敬太郎,A3,A2,A3,,63,75.8,73.461,2026-3,2026-1,0,100,2026-09-27
014855,東 隆之,A3,A3,A3,,69.136,66.954,68.193,2026-3,2026-1,0,100,2026-09-27
014868,小林 寛弥,A3,A3,A3,,68.571,68,69.291,2026-3,2026-1,0,101,2026-09-27
014880,野見 泰要,A3,A3,A3,,70.363,71.613,70.622,2026-3,2026-1,0,101,2026-09-27
014884,友永 龍介,A3,A3,A3,,67.333,69.229,67.592,2026-3,2026-1,0,101,2026-09-27
014931,横田 政直,A3,A3,A2,,68.904,68.104,69.266,2026-3,2026-1,0,103,2026-09-27
014932,浦野 慈生,A3,A3,A3,,67.9,67.465,68.52,2026-3,2026-1,0,103,2026-09-27
014948,斎藤 敦,A3,A3,A3,,68.85,70.787,69.689,2026-3,2026-1,0,103,2026-09-27
014979,黒川 渉,A3,A2,A2,,70.2,78,74.105,2026-3,2026-1,0,103,2026-09-27
014986,三浦 綾,A3,A3,A3,,69.958,67.976,69.242,2026-3,2026-1,0,105,2026-09-27
014987,門馬 琢麿,A3,A3,A3,,68.636,66.962,67.647,2026-3,2026-1,0,105,2026-09-27
015047,加藤 健一,A3,A3,A2,,69.962,74.117,70.589,2026-3,2026-1,0,107,2026-09-27
015053,廣田 敦士,A3,A2,A1,,68.777,79.166,70.242,2026-3,2026-1,0,107,2026-09-27
015062,大室 翔,A3,A3,A3,,70.19,70.767,70.464,2026-3,2026-1,0,107,2026-09-27
015158,猪野 泰介,A3,A3,A3,,69.32,70.625,69.285,2026-3,2026-1,0,111,2026-09-27
015188,浜田 翔平,A3,A3,A3,,68.181,67.897,68.181,2026-3,2026-1,0,111,2026-09-27
015253,清水 健次,A3,A3,A3,,69.642,70.36,69.187,2026-3,2026-1,0,113,2026-09-27
015283,安本 昇平,A3,A2,A3,,71.5,79.8,71.5,2026-3,2026-1,0,113,2026-09-27
015286,土居 佑次,A3,A3,A3,,69.38,70.205,69.08,2026-3,2026-1,0,113,2026-09-27
015290,真崎 章徳,A3,A3,A3,,67.916,68.63,69.055,2026-3,2026-1,0,113,2026-09-27
015295,篠田 樹,A3,A3,A3,,69.777,70.367,69.583,2026-3,2026-1,0,113,2026-09-27
015300,ラモス レオ,A3,A3,A3,,68.928,65.722,67.769,2026-3,2026-1,0,113,2026-09-27
015355,磯村 蓮太,A3,A3,A3,,68.095,69.764,68.541,2026-3,2026-1,0,115,2026-09-27
015367,南 蓮,A3,A3,A3,,68.19,69.297,67.5,2026-3,2026-1,0,115,2026-09-27
015425,藤野 竜也,A3,A3,A3,,72.476,70.052,72.476,2026-3,2026-1,0,117,2026-09-27
015542,中嶋 樹,A3,A3,A3,,68.65,69.34,69.068,2026-3,2026-1,0,119,2026-09-27
015549,阿部 龍也,A3,A3,A3,,69.095,68.078,68.333,2026-3,2026-1,0,119,2026-09-27
015571,吉田 悟,A3,A3,A3,,66.533,68.102,66.458,2026-3,2026-1,0,119,2026-09-27
015710,鈴木 康平,A3,A3,A3,,66.272,69.057,65.928,2026-3,2026-1,0,123,2026-09-27
015824,中嶋 響,A3,A3,A3,,64.555,75.444,64.555,2026-3,2026-1,0,125,2026-09-27
015900,花田 雄飛,A3,A3,A3,,71.708,70.388,70.303,2026-3,2026-1,0,127,2026-09-27
015905,上野 幸星,A3,A3,A3,,67.791,70.102,68.814,2026-3,2026-1,0,127,2026-09-27
015923,右近 陸人,A3,A3,A3,,69.59,72.574,70.441,2026-3,2026-1,0,127,2026-09-27
015966,近内 三孝,A3,,,A3,65.904,69.666,66.541,2026-3,2026-1,0,129,2026-09-27
015972,佐藤 凱王,A3,,,A3,70,72,70,2026-3,2026-1,0,129,2026-09-27
015994,林 欣司,A3,,,A3,70.055,70,70.095,2026-3,2026-1,0,129,2026-09-27
016002,宮田 龍一,A3,,,A3,67.857,70.666,68.8,2026-3,2026-1,0,129,2026-09-27
016005,清家 大夢,A3,,,A3,68.285,67,68.285,2026-3,2026-1,0,129,2026-09-27
016010,駒壽 直人,A3,,,A3,70.555,68.75,70.555,2026-3,2026-1,0,129,2026-09-27
016012,藤井 凜太郎,A3,,,A3,68,69,68,2026-3,2026-1,0,129,2026-09-27
